WKT,nombre,descripción
"POLYGON ((-70.6893011 -33.47708759999999 0.0, -70.68993 -33.47704 0.0, -70.69082 -33.477070000000005 0.0, -70.69178 -33.47786 0.0, -70.69323 -33.47818 0.0, -70.69492 -33.47861999999999 0.0, -70.69692 -33.47892000000001 0.0, -70.70266 -33.48027 0.0, -70.70428 -33.48056 0.0, -70.70772 -33.48097 0.0, -70.70883 -33.4808 0.0, -70.71041 -33.48093000000001 0.0, -70.71103 -33.48126 0.0, -70.71243 -33.48114000000001 0.0, -70.71376 -33.48005 0.0, -70.71631 -33.47821 0.0, -70.71916 -33.47549999999999 0.0, -70.72203 -33.47332 0.0, -70.72232000000001 -33.47413 0.0, -70.7229 -33.47744 0.0, -70.72347 -33.47994 0.0, -70.72371 -33.48059 0.0, -70.72428 -33.481190000000005 0.0, -70.72447 -33.48179 0.0, -70.72449 -33.48239 0.0, -70.72512 -33.48221999999999 0.0, -70.72612 -33.48186 0.0, -70.72684 -33.48199000000001 0.0, -70.72725 -33.48238 0.0, -70.72786 -33.4828 0.0, -70.72874 -33.48273999999999 0.0, -70.72993 -33.48241999999999 0.0, -70.7313 -33.4825 0.0, -70.731246 -33.484628 0.0, -70.73133200000001 -33.48613100000001 0.0, -70.731268 -33.487796 0.0, -70.731697 -33.493128000000006 0.0, -70.73144 -33.494667 0.0, -70.732555 -33.49577699999999 0.0, -70.733414 -33.496618 0.0, -70.734336 -33.49821 0.0, -70.734916 -33.49957 0.0, -70.73601 -33.50189600000001 0.0, -70.736847 -33.503721 0.0, -70.73734 -33.504866 0.0, -70.738639 -33.507899 0.0, -70.739615 -33.51014399999999 0.0, -70.737147 -33.510127 0.0, -70.733006 -33.51007299999999 0.0, -70.726354 -33.509912 0.0, -70.722942 -33.510055 0.0, -70.720239 -33.512381 0.0, -70.718436 -33.514063 0.0, -70.721827 -33.51832 0.0, -70.723286 -33.52036 0.0, -70.724316 -33.521415 0.0, -70.725431 -33.52281 0.0, -70.72629 -33.52391000000001 0.0, -70.72382 -33.52491 0.0, -70.71755000000002 -33.52720000000001 0.0, -70.70626 -33.53142 0.0, -70.70584 -33.52844 0.0, -70.70563 -33.52494 0.0, -70.70543 -33.52403000000001 0.0, -70.7049 -33.52267 0.0, -70.70329 -33.51878 0.0, -70.70236 -33.51675 0.0, -70.69078 -33.49292 0.0, -70.68896000000001 -33.48818 0.0, -70.68796 -33.48618 0.0, -70.68551 -33.47992 0.0, -70.68533 -33.47895 0.0, -70.68539 -33.47845 0.0, -70.68582 -33.4769 0.0, -70.68626 -33.47622 0.0, -70.68803 -33.47674000000001 0.0, -70.68876 -33.47702 0.0, -70.6893011 -33.47708759999999 0.0), (-70.6894 -33.4771 0.0, -70.68927 -33.47709 0.0, -70.6893011 -33.47708759999999 0.0, -70.6894 -33.4771 0.0))",CERRILLOS,Arturo Aguirre Gacitúa (PS)
"POLYGON ((-70.78212 -33.413722, -70.782029 -33.41587, -70.78099 -33.415911, -70.780912 -33.41615099999999, -70.779968 -33.416647, -70.77925 -33.417342, -70.77901 -33.417636, -70.779011 -33.41844999999999, -70.778867 -33.418704, -70.778163 -33.419546, -70.777546 -33.420192, -70.77709 -33.421787, -70.776749 -33.42306399999999, -70.775298 -33.424297, -70.773416 -33.424579, -70.771705 -33.424884, -70.770956 -33.424906, -70.769587 -33.425188, -70.767625 -33.425342, -70.766643 -33.425946, -70.765226 -33.426637, -70.76321800000001 -33.427585, -70.762393 -33.427735999999996, -70.761338 -33.42769400000001, -70.760176 -33.427372, -70.758091 -33.42737400000001, -70.757059 -33.427224, -70.755485 -33.427419, -70.754456 -33.427893, -70.75359800000001 -33.428057, -70.752265 -33.428296, -70.75064 -33.429085, -70.749634 -33.429344, -70.747328 -33.429806, -70.746745 -33.429952, -70.74082 -33.42991, -70.740852 -33.436367, -70.734763 -33.436368, -70.730905 -33.436246, -70.730201 -33.436266, -70.72891 -33.436408, -70.728156 -33.43667200000001, -70.724246 -33.437743, -70.723709 -33.43869000000001, -70.722472 -33.438946, -70.721501 -33.436691, -70.72119400000001 -33.435224, -70.721052 -33.43417900000001, -70.719985 -33.429646999999996, -70.719282 -33.426817, -70.718949 -33.425601, -70.71777 -33.421139000000004, -70.717182 -33.418578000000004, -70.716926 -33.41741700000001, -70.716695 -33.416374, -70.715828 -33.415141, -70.717267 -33.414546, -70.719371 -33.41321, -70.720648 -33.412662, -70.721473 -33.41243600000001, -70.722635 -33.411676, -70.723889 -33.412124, -70.724646 -33.41253799999999, -70.727973 -33.41365900000001, -70.729075 -33.413271, -70.729921 -33.412906, -70.731857 -33.412530000000004, -70.733438 -33.412401, -70.73401400000002 -33.41236899999999, -70.735737 -33.412153, -70.738818 -33.412367, -70.741028 -33.412289, -70.741948 -33.412213, -70.743669 -33.412189, -70.744454 -33.412404, -70.74556 -33.412456999999996, -70.746991 -33.412434, -70.74921 -33.412227, -70.752052 -33.412310999999995, -70.753973 -33.412589, -70.755641 -33.412749000000005, -70.756825 -33.41264, -70.758994 -33.412347, -70.760299 -33.41254, -70.764162 -33.413379, -70.76888900000002 -33.414479, -70.771634 -33.414584, -70.775873 -33.413716, -70.7776 -33.413875, -70.778656 -33.413919, -70.781431 -33.413912, -70.782067 -33.413793000000005, -70.78212 -33.413722))",CERRO NAVIA,Mauro Tamayo Rozas (ind)
"POLYGON ((-70.70014 -33.366267, -70.698304 -33.370684, -70.696079 -33.37544, -70.693405 -33.38143, -70.691235 -33.386455, -70.690836 -33.38719900000001, -70.689246 -33.390525, -70.688249 -33.392358, -70.685355 -33.397206, -70.681883 -33.402973, -70.680942 -33.402769000000006, -70.678424 -33.401987999999996, -70.675105 -33.40077, -70.67212 -33.399668, -70.672029 -33.39985, -70.667572 -33.399557, -70.668088 -33.399088, -70.666599 -33.398937, -70.66614 -33.398937, -70.661047 -33.399365, -70.658242 -33.399572, -70.657757 -33.397586, -70.65753 -33.395831, -70.657264 -33.391893, -70.657446 -33.388859, -70.657315 -33.387526, -70.657225 -33.385884, -70.657353 -33.384295, -70.657612 -33.380667, -70.657741 -33.378379, -70.656732 -33.376439, -70.6641 -33.373635, -70.668495 -33.372139, -70.675509 -33.369351, -70.682794 -33.36675300000001, -70.686078 -33.366456, -70.689638 -33.366217, -70.692697 -33.36607699999999, -70.695587 -33.365972, -70.696604 -33.365921, -70.697205 -33.36593800000001, -70.698824 -33.36603, -70.700112 -33.366243, -70.70014 -33.366267))",CONCHALÍ,René de la Vega Fuentes (ind)
"POLYGON ((-70.6739045 -33.5433616, -70.678766 -33.541554, -70.685389 -33.539143, -70.68543 -33.539193, -70.686514 -33.540988999999996, -70.68624 -33.541229, -70.687154 -33.543, -70.688207 -33.545363, -70.68971 -33.548718, -70.693101 -33.55611799999999, -70.695483 -33.555899, -70.696983 -33.56285, -70.697106 -33.563581, -70.69705500000002 -33.56369, -70.696664 -33.563929, -70.697936 -33.566576000000005, -70.700824 -33.572953, -70.698597 -33.57385599999999, -70.692182 -33.576371, -70.682887 -33.579998, -70.68087 -33.58082000000001, -70.676858 -33.58244, -70.676706 -33.582469, -70.670938 -33.58365200000001, -70.663266 -33.585249, -70.662227 -33.58160900000001, -70.661209 -33.577788, -70.660134 -33.573794, -70.659828 -33.573264, -70.659281 -33.571412, -70.656845 -33.562439, -70.656515 -33.56112300000001, -70.655753 -33.558169, -70.654928 -33.554939, -70.65434 -33.552087, -70.654119 -33.551065, -70.6535 -33.548774, -70.656834 -33.548225, -70.65679 -33.548042, -70.66677600000001 -33.546296999999996, -70.668075 -33.545674, -70.668268 -33.545389, -70.671046 -33.54438999999999, -70.6739045 -33.5433616), (-70.676177 -33.542544, -70.673613 -33.54347, -70.6739045 -33.5433616, -70.676177 -33.542544))",EL BOSQUE,Sadi Melo Moya (PS)
 
"POLYGON ((-70.731147 -33.46006799999999, -70.731094 -33.463822, -70.731241 -33.467545, -70.731827 -33.467954999999996, -70.733916 -33.46942299999999, -70.728054 -33.471157, -70.725589 -33.47189999999999, -70.7226 -33.472845, -70.722039 -33.473321, -70.717717 -33.476865, -70.71628 -33.47821299999999, -70.715229 -33.479007, -70.713707 -33.480086, -70.712414 -33.481151, -70.711047 -33.481249, -70.71040300000001 -33.480927, -70.708829 -33.480804, -70.707694 -33.480968, -70.706155 -33.480772, -70.705024 -33.480649, -70.704385 -33.480572, -70.702748 -33.480294, -70.701052 -33.479888, -70.699492 -33.479564, -70.696897 -33.47891, -70.696749 -33.478933, -70.694947 -33.478629000000005, -70.693878 -33.478352, -70.691794 -33.477872, -70.690811 -33.477069, -70.68994 -33.47702400000001, -70.689359 -33.477092, -70.688724 -33.47700799999999, -70.688382 -33.476876, -70.687652 -33.476631, -70.686269 -33.47622700000001, -70.685804 -33.476892, -70.684072 -33.476916, -70.680728 -33.476947, -70.679199 -33.476935, -70.677175 -33.476921, -70.675094 -33.476888, -70.674597 -33.47675, -70.67452 -33.476009, -70.673833 -33.475827, -70.673535 -33.475614, -70.673236 -33.475249999999996, -70.673116 -33.474855, -70.672944 -33.474765, -70.672944 -33.473541, -70.67295 -33.470683, -70.680133 -33.470693, -70.680133 -33.470586, -70.680024 -33.470503, -70.679753 -33.470381, -70.67915 -33.469364000000006, -70.67861 -33.461904, -70.678439 -33.459211, -70.677968 -33.452796, -70.67784 -33.450733, -70.678941 -33.450959, -70.679377 -33.446622, -70.679563 -33.443957, -70.681018 -33.443948, -70.689436 -33.444376, -70.692063 -33.444502, -70.69229 -33.447958, -70.692491 -33.44795800000001, -70.69589 -33.447817, -70.698041 -33.447701, -70.70007 -33.447953, -70.70198 -33.448174, -70.704225 -33.448434, -70.707094 -33.448794, -70.706882 -33.450092, -70.706706 -33.451094, -70.706265 -33.452263, -70.706 -33.453665, -70.705576 -33.457268000000006, -70.711092 -33.45856200000001, -70.712626 -33.45856, -70.723377 -33.45647900000001, -70.731209 -33.454986, -70.731147 -33.46006799999999))",ESTACIÓN CENTRAL,Rodrigo Delgado Mocarquer (UDI)
"POLYGON ((-70.629011 -33.391776, -70.628209 -33.392176, -70.622657 -33.395534, -70.618148 -33.398806, -70.615534 -33.400844, -70.610169 -33.402837, -70.607511 -33.398546, -70.606613 -33.394848, -70.604993 -33.393393, -70.603005 -33.390404, -70.602077 -33.386492, -70.603865 -33.383319, -70.604226 -33.380772, -70.603361 -33.377479, -70.601318 -33.37463199999999, -70.597661 -33.371807, -70.597143 -33.369631, -70.597095 -33.369352, -70.597093 -33.365801000000005, -70.60009900000001 -33.362998, -70.596426 -33.35966400000001, -70.592614 -33.355721, -70.586561 -33.35343900000001, -70.584546 -33.350638999999994, -70.589731 -33.3444, -70.591804 -33.337377, -70.592987 -33.332944999999995, -70.639332 -33.338712, -70.660544 -33.327818, -70.67955 -33.330189, -70.681562 -33.32651899999999, -70.695469 -33.320049, -70.707183 -33.318417, -70.706319 -33.320789, -70.704852 -33.324521, -70.704046 -33.325534, -70.700545 -33.328061, -70.696654 -33.33107600000001, -70.694079 -33.333469, -70.692514 -33.337208, -70.69234 -33.338803, -70.693709 -33.341291, -70.694083 -33.342945, -70.693827 -33.347887, -70.693599 -33.350161, -70.692658 -33.352981, -70.691651 -33.356698, -70.690366 -33.361314, -70.689703 -33.36308199999999, -70.689631 -33.365311, -70.689631 -33.36621, -70.685638 -33.366558, -70.682657 -33.366780999999996, -70.678879 -33.368201, -70.676232 -33.36913200000001, -70.664083 -33.373711, -70.656602 -33.376431, -70.651794 -33.37810600000001, -70.643965 -33.381256, -70.639429 -33.384089, -70.62994600000002 -33.391023, -70.629011 -33.391776))",HUECHURABA,Carlos Cuadrado Prats (PPD)
 
"POLYGON ((-70.68187 -33.403016, -70.680846 -33.404757999999994, -70.680434 -33.405678, -70.680243 -33.406441, -70.679833 -33.409546999999996, -70.679698 -33.410648, -70.679327 -33.413468, -70.679228 -33.414385, -70.678891 -33.416605, -70.678794 -33.417559, -70.678514 -33.418383, -70.677989 -33.419198, -70.677447 -33.419917, -70.676719 -33.420486, -70.675632 -33.421116, -70.675069 -33.421448000000005, -70.674496 -33.421954, -70.674113 -33.422406, -70.672807 -33.42409500000001, -70.67180200000001 -33.425236, -70.671228 -33.42595, -70.669299 -33.426555, -70.666772 -33.427367, -70.664586 -33.428199, -70.662965 -33.428778, -70.661909 -33.428962, -70.660276 -33.429547, -70.659687 -33.429728, -70.658433 -33.429969, -70.656411 -33.43087799999999, -70.65555 -33.431098, -70.651647 -33.431985, -70.651701 -33.431165, -70.651626 -33.430282, -70.651432 -33.427831999999995, -70.651304 -33.426214, -70.651159 -33.424258, -70.651047 -33.423457, -70.650735 -33.421252, -70.650594 -33.420114, -70.650432 -33.419352, -70.650149 -33.417836, -70.6509 -33.417687, -70.651815 -33.417514999999995, -70.65270100000001 -33.41750400000001, -70.652756 -33.41533600000001, -70.652753 -33.414324, -70.652773 -33.412481, -70.652847 -33.411421, -70.65318 -33.4103, -70.653164 -33.409399, -70.65314 -33.408707, -70.653187 -33.40725599999999, -70.653258 -33.407177, -70.65312500000002 -33.40638700000001, -70.65347 -33.40629899999999, -70.654976 -33.405926, -70.657158 -33.405319, -70.657514 -33.403744, -70.658125 -33.40089, -70.658253 -33.400307, -70.658246 -33.399570000000004, -70.659083 -33.399516, -70.6604 -33.399424, -70.662419 -33.399248, -70.663929 -33.399111, -70.665028 -33.399034, -70.666149 -33.398945, -70.66660200000001 -33.39893300000001, -70.668081 -33.39909000000001, -70.667574 -33.399554, -70.672024 -33.399857, -70.672125 -33.39966900000001, -70.673453 -33.400165, -70.678424 -33.401982, -70.680931 -33.402779, -70.68186 -33.40298000000001, -70.68187 -33.403016))",INDEPENDENCIA,Gonzalo Durán Baronti (PS)
"POLYGON ((-70.678607 -33.526683, -70.68161 -33.532125, -70.685378 -33.539133, -70.680134 -33.541046, -70.676188 -33.542500999999994, -70.668256 -33.54538800000001, -70.668073 -33.54565600000001, -70.666753 -33.546292, -70.663538 -33.54687, -70.660911 -33.54731, -70.656782 -33.548053, -70.656838 -33.548208, -70.65348 -33.548781, -70.652391 -33.54484, -70.651921 -33.542711, -70.651547 -33.541482, -70.651038 -33.539821, -70.649684 -33.534791000000006, -70.64844900000001 -33.530525, -70.647938 -33.528538, -70.647724 -33.52825399999999, -70.647094 -33.526149000000004, -70.646518 -33.523896, -70.646241 -33.52329199999999, -70.644553 -33.517329, -70.646226 -33.516994, -70.651855 -33.515906, -70.65812 -33.514688, -70.661705 -33.513559, -70.665334 -33.512432, -70.670911 -33.51073399999999, -70.678607 -33.526683))",LA CISTERNA,Santiago Rebolledo Pizarro (PPD)
 
"POLYGON ((-70.613789 -33.508224, -70.611627 -33.510353, -70.611414 -33.512255, -70.611216 -33.513384, -70.61095 -33.51617799999999, -70.610595 -33.519208000000006, -70.610362 -33.521215999999995, -70.610114 -33.522831000000004, -70.609917 -33.524592000000005, -70.609747 -33.526099, -70.609814 -33.52767800000001, -70.609836 -33.528879, -70.609934 -33.531718, -70.610041 -33.535014, -70.610119 -33.536807, -70.610193 -33.53735799999999, -70.610383 -33.539489, -70.610406 -33.54125400000001, -70.610593 -33.546629, -70.613776 -33.546535000000006, -70.614922 -33.54638200000001, -70.614634 -33.547427, -70.61431 -33.548621999999995, -70.613459 -33.551598, -70.612703 -33.554026, -70.610526 -33.561956, -70.61261600000002 -33.56220700000001, -70.61232 -33.563867, -70.61136 -33.570197, -70.607945 -33.569383, -70.603975 -33.56847500000001, -70.599745 -33.567254, -70.598609 -33.56737700000001, -70.597819 -33.567952, -70.592689 -33.56999, -70.592509 -33.570181, -70.592245 -33.570127, -70.592244 -33.569977, -70.587111 -33.569255, -70.583879 -33.568857, -70.584556 -33.565679, -70.581187 -33.565024, -70.567943 -33.562644000000006, -70.559724 -33.561342, -70.557204 -33.560835, -70.558283 -33.559579, -70.5598 -33.557721, -70.561325 -33.555868, -70.562401 -33.554558, -70.563667 -33.553059000000005, -70.565528 -33.55076, -70.568208 -33.547588, -70.560451 -33.547753, -70.554747 -33.547829, -70.554028 -33.548094, -70.548866 -33.547559, -70.541844 -33.546928, -70.53767 -33.546194, -70.527821 -33.544402000000005, -70.51700500000001 -33.542462, -70.514252 -33.541763, -70.500351 -33.545813, -70.494853 -33.542574, -70.486313 -33.540752, -70.485964 -33.540181, -70.48558800000002 -33.538972, -70.485173 -33.538227, -70.484881 -33.536745, -70.483463 -33.53512899999999, -70.480893 -33.534886, -70.479458 -33.533776, -70.478859 -33.53282000000001, -70.479135 -33.530827, -70.479085 -33.529326000000005, -70.478755 -33.528178, -70.476692 -33.526619, -70.474297 -33.524608, -70.471577 -33.524879, -70.46877 -33.52434000000001, -70.468358 -33.52417700000001, -70.467065 -33.522059, -70.46705200000001 -33.52118899999999, -70.466368 -33.520709, -70.465895 -33.518979, -70.464953 -33.515826, -70.46878400000001 -33.515403, -70.473532 -33.51532999999999, -70.490715 -33.514673, -70.49872300000001 -33.51437000000001, -70.518293 -33.513342, -70.524013 -33.514092, -70.526832 -33.514731, -70.529586 -33.513748, -70.53438200000001 -33.513031, -70.542538 -33.512553, -70.553193 -33.51203100000001, -70.555665 -33.512021, -70.564472 -33.51137700000001, -70.565676 -33.511737, -70.576387 -33.510901, -70.585942 -33.510236, -70.587796 -33.51023500000001, -70.589148 -33.510653000000005, -70.59031300000001 -33.510283, -70.591542 -33.509912, -70.600438 -33.509273, -70.607025 -33.508708, -70.611663 -33.508367, -70.613789 -33.508224))",LA FLORIDA,Rodolfo Carter Fernández (ind/UDI)
"POLYGON ((-70.636531 -33.519247, -70.636339 -33.5212, -70.635956 -33.524226, -70.63557 -33.5274, -70.635508 -33.529016, -70.634839 -33.532254, -70.634658 -33.53406300000001, -70.634572 -33.53693, -70.634453 -33.5396, -70.634061 -33.542763, -70.633631 -33.545877, -70.632951 -33.549398, -70.632048 -33.553552, -70.631481 -33.555858, -70.630609 -33.55979, -70.627448 -33.559052, -70.622265 -33.557879, -70.619982 -33.557378, -70.6177 -33.556867, -70.612341 -33.55563599999999, -70.612907 -33.553413000000006, -70.614123 -33.549236, -70.61491 -33.546358, -70.613769 -33.546556, -70.613236 -33.546546, -70.612298 -33.546556, -70.61062 -33.546634, -70.610449 -33.541095, -70.610352 -33.53949, -70.610251 -33.537882, -70.610167 -33.537235, -70.609889 -33.531151, -70.609858 -33.528444, -70.609736 -33.52603700000001, -70.609935 -33.524523, -70.610095 -33.522968999999996, -70.610372 -33.520888, -70.610911 -33.516678, -70.611031 -33.515426, -70.611283 -33.51307500000001, -70.613789 -33.51309599999999, -70.615064 -33.513089, -70.616354 -33.513415, -70.618072 -33.513833, -70.620279 -33.51445399999999, -70.62108 -33.514897, -70.623834 -33.51623, -70.627155 -33.517697, -70.627919 -33.517844, -70.632238 -33.518322, -70.63661 -33.518741000000006, -70.636531 -33.519247))",LA GRANJA,Felipe Delpin Aguilar (PDC)
 
"POLYGON ((-70.656802 -33.562489, -70.660058 -33.57392, -70.663131 -33.585346, -70.66586300000002 -33.593616, -70.67066800000002 -33.607378, -70.65565 -33.608976, -70.643301 -33.610055, -70.646749 -33.621741, -70.642758 -33.62222299999999, -70.644595 -33.627606, -70.62873800000001 -33.62795799999999, -70.626495 -33.618624000000004, -70.626866 -33.604848999999994, -70.622348 -33.604342, -70.618092 -33.603839, -70.606086 -33.602118, -70.606763 -33.597486, -70.60737700000001 -33.593279, -70.608378 -33.587619, -70.608589 -33.587229, -70.609479 -33.587088, -70.610115 -33.58081, -70.60948 -33.58077500000001, -70.609649 -33.579675, -70.610634 -33.57417000000001, -70.611425 -33.570189, -70.612594 -33.562228, -70.61052 -33.561958, -70.612315 -33.555638, -70.616247 -33.556536, -70.623514 -33.558102, -70.626367 -33.558853, -70.628601 -33.559371000000006, -70.63061 -33.55976299999999, -70.631066 -33.55813, -70.632072 -33.558163, -70.634159 -33.557909, -70.639539 -33.55718000000001, -70.641777 -33.55687, -70.645487 -33.556455, -70.650558 -33.555604, -70.654932 -33.554983, -70.656802 -33.562489))",LA PINTANA,Claudia Pizarro Peña (PDC)
"POLYGON ((-70.584059 -33.432311000000006, -70.582804 -33.433427, -70.580812 -33.434682, -70.578886 -33.435699, -70.576677 -33.436451, -70.574671 -33.437244, -70.573449 -33.437982000000005, -70.573268 -33.438554, -70.572612 -33.442072, -70.571592 -33.44801199999999, -70.570938 -33.451717, -70.570745 -33.453272, -70.570882 -33.45412999999999, -70.57138 -33.455896, -70.571709 -33.457315, -70.572243 -33.459001, -70.570769 -33.459479, -70.569201 -33.46006799999999, -70.567212 -33.460837999999995, -70.562199 -33.462463, -70.560108 -33.462575, -70.557307 -33.462626, -70.551674 -33.462671, -70.550795 -33.46269100000001, -70.544483 -33.463648, -70.543985 -33.463668, -70.54222100000001 -33.462878, -70.540219 -33.462951, -70.538986 -33.46329500000001, -70.531281 -33.46545, -70.530777 -33.463934, -70.530695 -33.462351, -70.530359 -33.461701, -70.529545 -33.459232, -70.521117 -33.459657, -70.514301 -33.459826, -70.509062 -33.45970500000001, -70.506241 -33.459328, -70.50429 -33.457221, -70.505706 -33.454816, -70.490955 -33.454474, -70.496109 -33.45031500000001, -70.496036 -33.446497, -70.504538 -33.43637199999999, -70.50538 -33.433307, -70.514596 -33.43115999999999, -70.51946 -33.431195, -70.521663 -33.4315, -70.523975 -33.431671, -70.532533 -33.432753, -70.535315 -33.433116, -70.538127 -33.43340100000001, -70.538377 -33.432805, -70.538934 -33.431254, -70.539188 -33.430326, -70.539182 -33.428974, -70.549184 -33.430087, -70.551531 -33.430373, -70.554399 -33.430625, -70.554617 -33.430459, -70.559702 -33.430699999999995, -70.562351 -33.430791, -70.571254 -33.431155, -70.574684 -33.431231, -70.578658 -33.431381, -70.5825 -33.431592, -70.58454800000001 -33.431803, -70.584059 -33.432311000000006))",LA REINA,José Palacios Parra (UDI)
"POLYGON ((-70.43128968896401 -33.47914633957822, -70.429378 -33.479767, -70.42827500000001 -33.480833, -70.426547 -33.480576000000006, -70.425312 -33.480025, -70.421695 -33.479634000000004, -70.417539 -33.479146, -70.412893 -33.48145, -70.409448 -33.483523000000005, -70.40698 -33.483983, -70.404326 -33.48512999999999, -70.397655 -33.48711200000001, -70.393186 -33.487292, -70.389438 -33.48418100000001, -70.388109 -33.48357399999999, -70.383774 -33.483264, -70.381294 -33.482964, -70.37872 -33.482815, -70.378921 -33.483599000000005, -70.377972 -33.483794, -70.376264 -33.485171, -70.374578 -33.485739, -70.37278 -33.485741000000004, -70.367852 -33.48406, -70.367002 -33.483658, -70.362212 -33.483412, -70.360683 -33.483994, -70.356377 -33.484134, -70.35388800000001 -33.484225, -70.352071 -33.48471, -70.351316 -33.486059, -70.350637 -33.487763, -70.34860000000002 -33.487577, -70.345846 -33.486766, -70.344183 -33.485322, -70.340405 -33.48115500000001, -70.337345 -33.477461, -70.335442 -33.475954, -70.333116 -33.473983999999994, -70.329618 -33.472082, -70.328255 -33.470057, -70.330356 -33.457929, -70.344686 -33.448795999999994, -70.351986 -33.435038, -70.358284 -33.422922, -70.365437 -33.410132, -70.368248 -33.403823, -70.374687 -33.40044399999999, -70.378186 -33.398541, -70.375395 -33.395254, -70.375215 -33.38731799999999, -70.379339 -33.382492, -70.386733 -33.377978, -70.392769 -33.37453, -70.40093400000002 -33.374089, -70.40652500000002 -33.373539, -70.410506 -33.372196, -70.416062 -33.371031, -70.423145 -33.36974699999999, -70.43074600000001 -33.37238, -70.43128968896401 -33.37227351586358, -70.433891 -33.37176399999999, -70.441341 -33.373202000000006, -70.445323 -33.37264400000001, -70.453761 -33.372402, -70.459743 -33.372527999999996, -70.46563 -33.37270800000001, -70.469226 -33.37092, -70.46946 -33.367503, -70.469459 -33.366734, -70.47454 -33.364821000000006, -70.480297 -33.36507600000001, -70.486359 -33.365069000000005, -70.49010200000001 -33.364997, -70.49270000000001 -33.364974000000004, -70.493774 -33.36613, -70.494886 -33.36708, -70.49601 -33.36740400000001, -70.496812 -33.367408000000005, -70.499311 -33.367242, -70.502163 -33.368549, -70.504576 -33.36963600000001, -70.506059 -33.370034000000004, -70.509064 -33.37035999999999, -70.512125 -33.37086800000001, -70.516021 -33.37202, -70.52036 -33.374096, -70.522575 -33.375113, -70.525109 -33.376074, -70.527025 -33.377093, -70.528422 -33.378389, -70.52984 -33.379897, -70.531406 -33.381352, -70.53318 -33.38317, -70.53608 -33.385048, -70.541817 -33.38741499999999, -70.545622 -33.388836, -70.553087 -33.391752999999994, -70.559684 -33.393998, -70.565461 -33.395827, -70.573489 -33.398877, -70.57885 -33.401108, -70.582409 -33.4025, -70.585265 -33.403819, -70.587862 -33.404455, -70.5903 -33.404971, -70.595735 -33.406935000000004, -70.597714 -33.407669, -70.599014 -33.40809699999999, -70.601197 -33.408122, -70.602312 -33.40825999999999, -70.603933 -33.408979, -70.605368 -33.411991, -70.605434 -33.413213, -70.606274 -33.415211, -70.60671 -33.416169000000004, -70.604888 -33.416947, -70.604242 -33.417227, -70.602424 -33.417573, -70.601509 -33.41798, -70.600322 -33.419064, -70.599059 -33.419962, -70.595499 -33.422632, -70.59121600000002 -33.425911, -70.589684 -33.427116999999996, -70.585356 -33.430819, -70.584549 -33.431809, -70.583103 -33.43165499999999, -70.582089 -33.431572, -70.580578 -33.431478, -70.579238 -33.43142000000001, -70.577932 -33.431349, -70.575995 -33.431266, -70.57166 -33.43115999999999, -70.56934 -33.43107799999999, -70.565219 -33.430904, -70.562854 -33.430816, -70.560114 -33.430718000000006, -70.558132 -33.430625, -70.556691 -33.430553, -70.554608 -33.430461, -70.5544 -33.430625, -70.553599 -33.430554, -70.551393 -33.430355, -70.550795 -33.430297, -70.547429 -33.429883, -70.545919 -33.429728, -70.540673 -33.429137, -70.539181 -33.428976, -70.53918700000001 -33.43033700000001, -70.539042 -33.430858, -70.538864 -33.431413, -70.538482 -33.432533, -70.53814 -33.433378999999995, -70.53420600000001 -33.433017, -70.519497 -33.43119200000001, -70.516247 -33.431152, -70.514578 -33.43113199999999, -70.505356 -33.433288, -70.50459 -33.436261, -70.499771 -33.44187999999999, -70.497324 -33.444971, -70.496148 -33.44647200000001, -70.496058 -33.450271, -70.490931 -33.454354, -70.489608 -33.45501599999999, -70.487744 -33.458722, -70.486603 -33.460651000000006, -70.486124 -33.463033, -70.479327 -33.467998, -70.476969 -33.470109, -70.475139 -33.473448, -70.47403 -33.473765, -70.471884 -33.475292, -70.46653400000001 -33.474952, -70.461485 -33.475928, -70.454976 -33.479708, -70.448947 -33.483824, -70.44072 -33.487997, -70.437952 -33.48885700000001, -70.438041 -33.486504, -70.437907 -33.482884000000006, -70.436679 -33.480329, -70.434712 -33.479476, -70.432187 -33.478854999999996, -70.43128968896401 -33.47914633957822))",LAS CONDES,Joaquín Lavín Infante (UDI)
"POLYGON ((-70.43128968896401 -33.12597524787687, -70.43507 -33.128283, -70.440318 -33.135760000000005, -70.446743 -33.145123, -70.452824 -33.158029, -70.45799 -33.161959, -70.461064 -33.168065, -70.464858 -33.17477199999999, -70.46542 -33.175917, -70.464683 -33.184673, -70.468785 -33.188683, -70.470491 -33.193063, -70.471126 -33.195661, -70.470128 -33.201175, -70.472505 -33.205279, -70.473669 -33.208705, -70.476088 -33.213037, -70.483688 -33.214487, -70.490257 -33.214707, -70.49783 -33.214922, -70.503153 -33.215845, -70.508432 -33.214985, -70.515453 -33.218352, -70.516091 -33.224127, -70.520657 -33.230023, -70.526976 -33.234415, -70.532961 -33.235262999999996, -70.537039 -33.235673000000006, -70.54345 -33.234462, -70.54923 -33.237328, -70.556562 -33.237414, -70.562421 -33.241599, -70.562773 -33.247899, -70.566156 -33.25149300000001, -70.569626 -33.255296, -70.57231 -33.259928, -70.574808 -33.264076, -70.575424 -33.26646800000001, -70.573148 -33.27256, -70.573959 -33.280827, -70.577057 -33.286173, -70.584547 -33.28982, -70.593409 -33.295427, -70.59554 -33.301059, -70.604016 -33.307609, -70.60350470322861 -33.308755834651016, -70.592771 -33.332824, -70.589588 -33.344179, -70.587501 -33.346928, -70.584088 -33.350546, -70.580572 -33.350902, -70.579442 -33.351867, -70.57785 -33.352094, -70.57541 -33.353174, -70.573531 -33.355424, -70.57064 -33.357012, -70.567503 -33.355457, -70.565213 -33.356821000000004, -70.56055 -33.358011, -70.557075 -33.358834, -70.550755 -33.363079, -70.540286 -33.370601, -70.534707 -33.370272, -70.530322 -33.370239000000005, -70.526553 -33.369737, -70.524925 -33.369209, -70.520533 -33.369738, -70.519293 -33.370553, -70.518335 -33.371562, -70.517571 -33.372784, -70.515972 -33.372005, -70.513172 -33.371181, -70.511477 -33.370744, -70.509449 -33.370431, -70.506039 -33.370027, -70.504489 -33.36962, -70.502026 -33.368539, -70.499331 -33.367246, -70.49638100000001 -33.367423, -70.495898 -33.367371, -70.494908 -33.367048, -70.493918 -33.366278, -70.492742 -33.364984, -70.491596 -33.364951, -70.488921 -33.365058000000005, -70.483354 -33.365048, -70.481436 -33.365103, -70.478278 -33.365047, -70.474459 -33.36485, -70.472554 -33.365559, -70.471997 -33.365848, -70.469524 -33.366746000000006, -70.469203 -33.370953, -70.467805 -33.371610000000004, -70.465591 -33.372748, -70.463661 -33.37265, -70.461183 -33.372615, -70.456901 -33.372501, -70.454211 -33.372404, -70.448 -33.372615999999994, -70.445303 -33.372657, -70.441334 -33.373194, -70.439314 -33.37285200000001, -70.433826 -33.371768, -70.43128968896401 -33.37229043253757, -70.430782 -33.372395, -70.428645 -33.371657000000006, -70.425029 -33.370424, -70.423114 -33.36975900000001, -70.419571 -33.370435, -70.414864 -33.371285, -70.411605 -33.371952, -70.410516 -33.372209000000005, -70.407211 -33.373341, -70.406498 -33.37352899999999, -70.403568 -33.373857, -70.398407 -33.37425, -70.395818 -33.374384000000006, -70.393156 -33.374528000000005, -70.392805 -33.374538, -70.387663 -33.377435, -70.386003 -33.37840099999999, -70.384133 -33.379609, -70.382464 -33.38055, -70.379325 -33.382481, -70.377632 -33.384501, -70.375198 -33.387296, -70.375297 -33.390315, -70.375394 -33.39523500000001, -70.378157 -33.398526, -70.3762 -33.39960800000001, -70.372162 -33.401784000000006, -70.368223 -33.403836, -70.365732 -33.409504999999996, -70.363926 -33.412881, -70.363134 -33.41423799999999, -70.360418 -33.419111, -70.35831 -33.422858, -70.35626700000002 -33.426855, -70.354929 -33.429339, -70.351921 -33.435156, -70.349016 -33.440607, -70.347788 -33.44302999999999, -70.344841 -33.448694, -70.342369 -33.450269, -70.337608 -33.453295, -70.332145 -33.45680300000001, -70.330349 -33.45793100000001, -70.32814 -33.47007500000001, -70.328699 -33.47079, -70.327611 -33.47041800000001, -70.324978 -33.470434, -70.320757 -33.46937799999999, -70.317638 -33.46717400000001, -70.316031 -33.46388099999999, -70.314046 -33.462701, -70.313048 -33.462609, -70.306507 -33.462464000000004, -70.304377 -33.461626, -70.302997 -33.460508, -70.302997 -33.46032700000001, -70.301763 -33.458169, -70.301655 -33.457226, -70.301432 -33.45661299999999, -70.300298 -33.455715, -70.298712 -33.454351, -70.298016 -33.453495, -70.298062 -33.452288, -70.298475 -33.451349, -70.298185 -33.45033699999999, -70.297202 -33.448732, -70.29586 -33.448234, -70.294352 -33.448163, -70.292879 -33.4483, -70.288648 -33.449096, -70.287567 -33.449404, -70.285851 -33.449399, -70.284354 -33.44967200000001, -70.283284 -33.45067900000001, -70.282655 -33.450711, -70.282048 -33.451677, -70.281852 -33.452191000000006, -70.28127000000002 -33.452431, -70.280509 -33.45232899999999, -70.279547 -33.452361999999994, -70.278817 -33.45166700000001, -70.278016 -33.451284, -70.276185 -33.450832, -70.272237 -33.447214, -70.26957 -33.444716, -70.267808 -33.443319, -70.267241 -33.442957, -70.265298 -33.442325000000004, -70.264373 -33.441797, -70.263371 -33.44143700000001, -70.261174 -33.441685, -70.256095 -33.441163, -70.255611 -33.441078, -70.255645 -33.440386999999994, -70.254247 -33.439657, -70.252615 -33.436813, -70.251918 -33.43637, -70.248994 -33.435785, -70.24813 -33.435174, -70.247421 -33.43488800000001, -70.247356 -33.434464000000006, -70.245651 -33.434124000000004, -70.245229 -33.43366300000001, -70.244023 -33.433639, -70.24332400000002 -33.4332, -70.243014 -33.433196, -70.242886 -33.432003, -70.243185 -33.431369000000004, -70.242639 -33.431269, -70.242121 -33.429499, -70.241376 -33.429402, -70.239704 -33.42755, -70.238778 -33.427481, -70.238257 -33.42713200000001, -70.235855 -33.42404400000001, -70.235865 -33.42292, -70.235481 -33.422562, -70.235499 -33.421583, -70.234058 -33.419455, -70.232869 -33.419121, -70.229598 -33.41744400000001, -70.229123 -33.416965, -70.228257 -33.416537, -70.227443 -33.415235, -70.226202 -33.414668, -70.224812 -33.41293, -70.223632 -33.411634, -70.221968 -33.41155400000001, -70.219616 -33.410827, -70.218828 -33.409729, -70.2177 -33.40786700000001, -70.21741400000002 -33.406222, -70.216197 -33.404311, -70.216767 -33.401911, -70.217099 -33.399383, -70.215992 -33.395974, -70.213157 -33.392941, -70.208889 -33.391264, -70.206912 -33.391068, -70.205287 -33.3904, -70.204274 -33.389092999999995, -70.202746 -33.388427, -70.201612 -33.386772, -70.201123 -33.386199, -70.201149 -33.385481, -70.199767 -33.383375, -70.197815 -33.381563, -70.197618 -33.37950800000001, -70.197263 -33.378519999999995, -70.196634 -33.37704, -70.196516 -33.376482, -70.196127 -33.37604700000001, -70.194931 -33.375033, -70.194093 -33.373493, -70.193365 -33.37216300000001, -70.19341800000001 -33.369983, -70.192778 -33.367563, -70.190997 -33.366174, -70.190478 -33.365007, -70.190294 -33.363592, -70.189736 -33.362832, -70.188545 -33.360837, -70.186117 -33.360082, -70.184346 -33.360096, -70.181021 -33.35877, -70.179409 -33.356525000000005, -70.17841 -33.354563, -70.177858 -33.354054, -70.176967 -33.353654, -70.176465 -33.35209600000001, -70.177289 -33.350587999999995, -70.178596 -33.349385, -70.178316 -33.346664, -70.177549 -33.345945, -70.176288 -33.345507, -70.175045 -33.344182, -70.175063 -33.342776, -70.175749 -33.342664, -70.176319 -33.341753, -70.176941 -33.34176, -70.17690500000002 -33.341315, -70.177728 -33.340945, -70.178253 -33.33896000000001, -70.179924 -33.336504, -70.181087 -33.334945, -70.18157 -33.33411900000001, -70.180765 -33.331957, -70.180751 -33.329223000000006, -70.18106 -33.328251, -70.181648 -33.32725700000001, -70.181964 -33.326356, -70.181815 -33.322849, -70.181917 -33.320271, -70.182157 -33.318569, -70.183383 -33.31654699999999, -70.183736 -33.314834, -70.18441 -33.313282, -70.185376 -33.310502, -70.186231 -33.30759, -70.187408 -33.305004, -70.188289 -33.302485, -70.189778 -33.299052, -70.191031 -33.296743, -70.192613 -33.295843, -70.193197 -33.294594, -70.194441 -33.293894, -70.195699 -33.291777, -70.197124 -33.28998800000001, -70.198 -33.28833, -70.198004 -33.286336, -70.197611 -33.284459, -70.197627 -33.283301, -70.198337 -33.278431, -70.198664 -33.275181, -70.198779 -33.274118, -70.198288 -33.272168, -70.197837 -33.271181000000006, -70.197938 -33.268512, -70.198141 -33.267679, -70.198519 -33.266797, -70.199198 -33.264874000000006, -70.20019 -33.26405999999999, -70.200862 -33.263042, -70.201918 -33.262035, -70.202876 -33.260271, -70.208691 -33.256516, -70.20958 -33.256073, -70.209904 -33.254633000000005, -70.209535 -33.25393699999999, -70.20940100000001 -33.25203900000001, -70.208078 -33.249340000000004, -70.2076 -33.248067, -70.20773 -33.246318, -70.209296 -33.244949, -70.21003198107279 -33.24450931315387, -70.211708 -33.24350799999999, -70.213281 -33.242183, -70.214708 -33.241464, -70.216218 -33.240215, -70.216496 -33.23882, -70.215444 -33.236393, -70.214621 -33.23518, -70.213715 -33.234425, -70.213133 -33.233557, -70.213449 -33.232563, -70.21529300000002 -33.232379, -70.22013 -33.230522, -70.221216 -33.230127, -70.22179 -33.229331, -70.221785 -33.227788, -70.221995 -33.227340999999996, -70.220913 -33.224313, -70.220077 -33.223531, -70.219724 -33.222562, -70.218072 -33.219985, -70.217357 -33.218811, -70.21683 -33.216405, -70.216835 -33.215642, -70.217533 -33.213859, -70.219811 -33.211872, -70.220841 -33.21101999999999, -70.222992 -33.209894, -70.225165 -33.207925, -70.226316 -33.20609399999999, -70.227137 -33.20447599999999, -70.22791 -33.203259, -70.228639 -33.201516, -70.229357 -33.200741, -70.229423 -33.20048, -70.232871 -33.20042, -70.235252 -33.199506, -70.236028 -33.198847, -70.237326 -33.198221000000004, -70.238656 -33.196454, -70.239015 -33.19511, -70.240331 -33.191247, -70.240764 -33.189663, -70.24059300000002 -33.187094, -70.241952 -33.184407, -70.253913 -33.181594999999994, -70.255474 -33.179252, -70.256373 -33.177347, -70.260328 -33.17048, -70.267158 -33.16541800000001, -70.276373 -33.156114, -70.290182 -33.146345, -70.307286 -33.135264, -70.33174 -33.119895, -70.346331 -33.11255, -70.369039 -33.106212, -70.379985 -33.102431, -70.38135600000001 -33.10330999999999, -70.387707 -33.104755999999995, -70.392659 -33.111216, -70.397673 -33.114612, -70.405728 -33.117378, -70.422154 -33.119461, -70.426333 -33.122949, -70.43128968896401 -33.12597524787687))",LO BARNECHEA,Felipe Guevara Stephens (RN)
"POLYGON ((-70.695203 -33.502031, -70.696251 -33.50422799999999, -70.698202 -33.508212, -70.699816 -33.511488, -70.701131 -33.514193, -70.702732 -33.517641, -70.703865 -33.520237, -70.704915 -33.52267799999999, -70.705446 -33.52401700000001, -70.705567 -33.524937, -70.705646 -33.52573300000001, -70.70581 -33.528198, -70.705994 -33.529616, -70.7062 -33.53143, -70.705358 -33.53175, -70.699513 -33.533948, -70.696419 -33.535088, -70.69078 -33.537209, -70.689212 -33.53776400000001, -70.685417 -33.539125, -70.684438 -33.53738, -70.68323 -33.535154, -70.682223 -33.533309, -70.68145 -33.531888, -70.680605 -33.530254, -70.6796 -33.528547, -70.678594 -33.526588, -70.677923 -33.525393, -70.676118 -33.521538, -70.67407 -33.517237, -70.672827 -33.514617, -70.670958 -33.51075, -70.672719 -33.510074, -70.673345 -33.50978, -70.675124 -33.509013, -70.676805 -33.508321, -70.677754 -33.50832, -70.678454 -33.508251, -70.679361 -33.507768000000006, -70.682232 -33.50657, -70.683886 -33.505814, -70.684339 -33.505835, -70.685974 -33.505225, -70.68822100000001 -33.504403, -70.690341 -33.503686, -70.693453 -33.502669, -70.695076 -33.502075000000005, -70.695203 -33.502031))",LO ESPEJO,Miguel Bruna Silva (PPD)
 
"POLYGON ((-70.740855 -33.436389, -70.74063 -33.44004600000001, -70.740489 -33.441822, -70.740552 -33.44409, -70.740586 -33.44575100000001, -70.739533 -33.446518, -70.739472 -33.447331, -70.739168 -33.451013, -70.738882 -33.453499, -70.735709 -33.454136, -70.731222 -33.454977, -70.729137 -33.455352, -70.726812 -33.455789, -70.720219 -33.457094, -70.718411 -33.457474, -70.71258 -33.458574, -70.711089 -33.458566000000005, -70.708356 -33.458002, -70.70557 -33.457268, -70.705718 -33.456050999999995, -70.706077 -33.453174, -70.706263 -33.452232, -70.706836 -33.450779000000004, -70.706886 -33.450087, -70.70709 -33.448789000000005, -70.707265 -33.447221, -70.707331 -33.446134, -70.707351 -33.443973, -70.707333 -33.442387999999994, -70.707232 -33.441465, -70.707232 -33.44102099999999, -70.707043 -33.438075, -70.708741 -33.438104, -70.710365 -33.438181, -70.712735 -33.43782600000001, -70.715868 -33.437421, -70.716997 -33.43725, -70.719648 -33.436894, -70.721451 -33.436646, -70.722468 -33.43892, -70.723726 -33.438723, -70.724245 -33.437745, -70.72477 -33.437617, -70.725791 -33.437305, -70.728156 -33.436681, -70.728922 -33.43640599999999, -70.730239 -33.436239, -70.731643 -33.436287, -70.734172 -33.436349, -70.734775 -33.436367, -70.740811 -33.436362, -70.740855 -33.436389))",LO PRADO,Maximiliano Ríos Galleguillos (PPD)
 
"POLYGON ((-70.622389 -33.477197000000004, -70.62085 -33.483099, -70.620571 -33.484584, -70.620103 -33.485729, -70.61972 -33.48626600000001, -70.618818 -33.487188, -70.618564 -33.487384, -70.617869 -33.49022200000001, -70.617564 -33.4915, -70.61663 -33.495641, -70.616484 -33.49643, -70.615535 -33.500758000000005, -70.615061 -33.502952, -70.614446 -33.505607, -70.614056 -33.50768, -70.613781 -33.50821899999999, -70.607096 -33.508681, -70.603976 -33.508959, -70.595295 -33.509627, -70.591496 -33.509921, -70.59024 -33.510267000000006, -70.590038 -33.509203, -70.58967 -33.507144000000004, -70.589616 -33.506455, -70.589474 -33.50569500000001, -70.589183 -33.504911, -70.588848 -33.503958, -70.588223 -33.50262, -70.587583 -33.50113199999999, -70.587178 -33.500212000000005, -70.586925 -33.499793, -70.58613 -33.498444, -70.583539 -33.494223, -70.58236 -33.492393, -70.581153 -33.490453, -70.580849 -33.489877, -70.580562 -33.48899, -70.580336 -33.487842, -70.580013 -33.486580999999994, -70.57965 -33.484280999999996, -70.579165 -33.482042, -70.578209 -33.477494, -70.577935 -33.476269, -70.577099 -33.47233599999999, -70.576655 -33.470263, -70.57692200000001 -33.470248, -70.5772 -33.47006, -70.577364 -33.46982100000001, -70.57917000000002 -33.470701, -70.580331 -33.4713, -70.582019 -33.472178, -70.58319 -33.472821, -70.584185 -33.47325899999999, -70.584642 -33.47331, -70.585783 -33.47348000000001, -70.586383 -33.473509, -70.58688 -33.473469, -70.586854 -33.473646, -70.586888 -33.473873, -70.586983 -33.474041, -70.587343 -33.47435, -70.587782 -33.47440100000001, -70.58827400000001 -33.474355, -70.588575 -33.47417800000001, -70.588788 -33.473827, -70.58947 -33.47396, -70.590549 -33.473863, -70.59200200000001 -33.473717, -70.59247 -33.473643, -70.593531 -33.473614, -70.594978 -33.473506, -70.596397 -33.473474, -70.596619 -33.47354099999999, -70.596925 -33.473563, -70.598728 -33.47369299999999, -70.611337 -33.474364, -70.615426 -33.474533, -70.622974 -33.474966, -70.622389 -33.477197000000004))",MACUL,Gonzalo Montoya Riquelme (ind)
"POLYGON ((-70.928626 -33.490675, -70.929445 -33.49452, -70.931323 -33.498633, -70.934064 -33.501087, -70.933052 -33.506296, -70.927213 -33.508936, -70.924726 -33.510457, -70.923013 -33.511361, -70.920511 -33.51095, -70.91393 -33.50848700000001, -70.903788 -33.51416799999999, -70.899113 -33.518679, -70.895375 -33.519838, -70.892003 -33.524679, -70.888881 -33.528012999999994, -70.875804 -33.532379, -70.866477 -33.530818, -70.860095 -33.530737, -70.854026 -33.537525, -70.843376 -33.534171, -70.840154 -33.53475600000001, -70.838116 -33.53391, -70.820479 -33.53800100000001, -70.819582 -33.537544, -70.812529 -33.530062, -70.81199525979831 -33.529615785063974, -70.809882 -33.527849, -70.805457 -33.530126, -70.805704 -33.534677, -70.81199525979831 -33.537326963533886, -70.813769 -33.53807400000001, -70.814688 -33.541007, -70.817519 -33.542421, -70.81199525979831 -33.54618980544259, -70.807659 -33.54914800000001, -70.798158 -33.555012, -70.797146 -33.556711, -70.783708 -33.567736, -70.779744 -33.569016, -70.76752 -33.571853, -70.763043 -33.565978, -70.751692 -33.553522, -70.744738 -33.545405, -70.741363 -33.541674, -70.736095 -33.535685, -70.729899 -33.528302, -70.726396 -33.523922, -70.719908 -33.515854, -70.71847 -33.513944, -70.719143 -33.51338, -70.720358 -33.512437, -70.721652 -33.511095, -70.72295 -33.509869, -70.723541 -33.509539, -70.72504 -33.50982199999999, -70.726851 -33.50991500000001, -70.732062 -33.510015, -70.735516 -33.510084, -70.73954 -33.509963, -70.736606 -33.503442, -70.735643 -33.501567, -70.73492900000001 -33.499886, -70.734055 -33.498013, -70.732998 -33.496309, -70.731745 -33.49507799999999, -70.730909 -33.494508999999994, -70.731386 -33.493868, -70.731346 -33.49205500000001, -70.731265 -33.490307, -70.731278 -33.489222999999996, -70.7313 -33.486335, -70.73128500000001 -33.484585, -70.73119 -33.482532, -70.729852 -33.482342, -70.729254 -33.482603, -70.728543 -33.482769, -70.727832 -33.482817, -70.727319 -33.48253100000001, -70.726864 -33.48203199999999, -70.726068 -33.481865000000006, -70.725442 -33.482103, -70.724533 -33.482385, -70.724561 -33.481723, -70.72439 -33.481225, -70.723736 -33.480608, -70.723565 -33.480134, -70.723451 -33.479209, -70.723194 -33.478142999999996, -70.722738 -33.476578, -70.722568 -33.47498900000001, -70.722142 -33.473307000000005, -70.722682 -33.472881, -70.724272 -33.472311000000005, -70.726703 -33.471588, -70.728955 -33.470946, -70.733921 -33.46945, -70.737185 -33.47172799999999, -70.737411 -33.46857, -70.74112 -33.467811, -70.74636 -33.466857, -70.753623 -33.465518, -70.759047 -33.464608, -70.760273 -33.464251, -70.762072 -33.463891999999994, -70.763145 -33.463257000000006, -70.764976 -33.458878000000006, -70.76948 -33.458751, -70.773613 -33.45849700000001, -70.777677 -33.458308, -70.782776 -33.457931, -70.788172 -33.456998, -70.790693 -33.461005, -70.794393 -33.460568, -70.798611 -33.460254, -70.802535 -33.460063, -70.806314 -33.460243, -70.804839 -33.462158, -70.810849 -33.463629999999995, -70.81199525979831 -33.46439273760414, -70.814253 -33.46589500000001, -70.817203 -33.466832000000004, -70.821385 -33.467628, -70.824648 -33.468057, -70.829718 -33.465164, -70.835862 -33.467052, -70.838038 -33.466556, -70.84189 -33.46654600000001, -70.842376 -33.469165, -70.845259 -33.473099999999995, -70.847384 -33.478212, -70.851612 -33.478031, -70.856345 -33.476642, -70.858318 -33.476866, -70.879753 -33.480381, -70.896263 -33.479094, -70.903507 -33.48254000000001, -70.915813 -33.487835, -70.92368 -33.48724, -70.928626 -33.490675))",MAIPÚ,Catherine Barriga Guerra (ind/UDI)
"POLYGON ((-70.631309 -33.450643, -70.630866 -33.452071, -70.629142 -33.457812999999994, -70.62818 -33.461178, -70.626492 -33.466957, -70.625875 -33.468967, -70.625173 -33.4695, -70.624805 -33.469761, -70.624278 -33.470174, -70.624054 -33.470777, -70.623945 -33.47166000000001, -70.622965 -33.474925, -70.619816 -33.474735, -70.613768 -33.474462, -70.609853 -33.474222, -70.60544 -33.474009, -70.598424 -33.473643, -70.596912 -33.47358400000001, -70.596409 -33.473444, -70.59251600000002 -33.473639, -70.591765 -33.47372, -70.589515 -33.473927, -70.589421 -33.473914, -70.588741 -33.473844, -70.588549 -33.474158, -70.588255 -33.474332, -70.587752 -33.474365, -70.587375 -33.47433, -70.587014 -33.47406300000001, -70.586833 -33.473762, -70.586903 -33.473426, -70.586372 -33.473495, -70.58522 -33.473378, -70.584195 -33.473239, -70.582012 -33.472155, -70.579044 -33.47060499999999, -70.577369 -33.469831, -70.577039 -33.470175, -70.576628 -33.470243, -70.576409 -33.470243, -70.57605200000002 -33.470173, -70.575725 -33.469822, -70.575644 -33.469501, -70.575836 -33.46918, -70.57618 -33.468792, -70.575893 -33.467828, -70.575402 -33.466728, -70.574803 -33.465067, -70.574207 -33.463539, -70.573812 -33.462475, -70.573272 -33.461376, -70.572599 -33.459849, -70.572256 -33.459004, -70.572045 -33.458425, -70.571901 -33.457902, -70.571623 -33.457164, -70.57145800000002 -33.456317999999996, -70.571119 -33.454958, -70.570827 -33.453861, -70.570759 -33.453267000000004, -70.57089900000001 -33.45190000000001, -70.571089 -33.450763, -70.571427 -33.448916000000004, -70.572017 -33.445501, -70.572318 -33.44387, -70.572697 -33.441723, -70.572854 -33.440899, -70.573146 -33.439202, -70.573277 -33.43857, -70.573457 -33.43798100000001, -70.573972 -33.43768500000001, -70.57467000000001 -33.437262000000004, -70.57521 -33.437044, -70.576107 -33.436675, -70.57666 -33.436472, -70.577273 -33.436266, -70.578256 -33.435917, -70.578875 -33.435706, -70.579805 -33.435233, -70.58035 -33.434942, -70.580853 -33.434677, -70.581401 -33.434301, -70.582256 -33.433775000000004, -70.582391 -33.434021, -70.583152 -33.434811, -70.583853 -33.435659, -70.584668 -33.436537, -70.585444 -33.437386, -70.586046 -33.438089, -70.586943 -33.43914, -70.5872 -33.439529, -70.587596 -33.440019, -70.588611 -33.441582, -70.588928 -33.442159, -70.590394 -33.444442, -70.590869 -33.445106, -70.591181 -33.44571599999999, -70.591979 -33.446795, -70.592788 -33.44775, -70.59402900000002 -33.447083, -70.59491 -33.446587, -70.596007 -33.446011000000006, -70.596838 -33.445522999999994, -70.597938 -33.444821, -70.598253 -33.444807, -70.599136 -33.44487600000001, -70.599195 -33.444649, -70.599691 -33.444711, -70.601099 -33.444842, -70.602861 -33.445004, -70.60437 -33.445190000000004, -70.606172 -33.445413, -70.608058 -33.44564900000001, -70.608699 -33.445724, -70.609415 -33.44592200000001, -70.610345 -33.44621600000001, -70.61127900000001 -33.446449, -70.611967 -33.44657200000001, -70.61314200000001 -33.446731, -70.613906 -33.446807, -70.613783 -33.447537, -70.614528 -33.447662, -70.615169 -33.447778, -70.615897 -33.447904, -70.61651 -33.44802, -70.617023 -33.44811, -70.617692 -33.448262, -70.618483 -33.44836, -70.618525 -33.44809000000001, -70.61873100000001 -33.447292000000004, -70.619794 -33.447472, -70.620889 -33.447668, -70.621377 -33.447752, -70.622274 -33.447981, -70.623967 -33.448316, -70.625382 -33.448564999999995, -70.626782 -33.448918000000006, -70.628473 -33.449247, -70.631484 -33.449844, -70.631309 -33.450643))",ÑUÑOA,Andrés Zahri Troy (ind/RN)
"POLYGON ((-70.81199525979831 -33.59595779379641, -70.809615 -33.592822, -70.807998 -33.589501, -70.80702 -33.589085000000004, -70.807393 -33.58853499999999, -70.803367 -33.580788, -70.798824 -33.572938, -70.78968900000001 -33.577589, -70.783704 -33.572481, -70.779679 -33.569057, -70.78262 -33.568229, -70.783673 -33.567747000000004, -70.784699 -33.567135, -70.79735400000001 -33.556555, -70.798195 -33.554945999999994, -70.808768 -33.548661, -70.81199525979831 -33.5464057794149, -70.817611 -33.542481, -70.814876 -33.540835, -70.813781 -33.538196, -70.81199525979831 -33.53739255432442, -70.805827 -33.534617, -70.805549 -33.530196999999994, -70.809737 -33.527998999999994, -70.81199525979831 -33.530161093425036, -70.82018100000002 -33.537997, -70.838081 -33.533922, -70.839815 -33.534866, -70.843395 -33.53409500000001, -70.853926 -33.53752, -70.857534 -33.533619, -70.860105 -33.530860000000004, -70.866506 -33.530808, -70.875715 -33.532398, -70.881634 -33.530408, -70.889039 -33.52796299999999, -70.892569 -33.52385, -70.895363 -33.519904, -70.89913 -33.518742, -70.903834 -33.514146, -70.909488 -33.511065, -70.913875 -33.508568, -70.917601 -33.509912, -70.920376 -33.510918, -70.923463 -33.511567, -70.924054 -33.511271, -70.92451 -33.514869999999995, -70.925922 -33.518589, -70.925273 -33.52058399999999, -70.925812 -33.522130000000004, -70.925866 -33.52412400000001, -70.926909 -33.526075000000006, -70.927791 -33.529089, -70.92816 -33.531381, -70.929566 -33.533207, -70.929623 -33.534593, -70.929405 -33.536392, -70.930667 -33.538392, -70.930967 -33.539789, -70.932863 -33.545618, -70.934718 -33.547506000000006, -70.935089 -33.548515, -70.936604 -33.550757, -70.93846 -33.551161, -70.940263 -33.551953000000005, -70.940749 -33.554669, -70.944039 -33.556259, -70.945779 -33.557219, -70.949485 -33.55942, -70.952146 -33.55942099999999, -70.952281 -33.56419, -70.947961 -33.571351, -70.939975 -33.577405, -70.940242 -33.57912000000001, -70.940763 -33.581184, -70.93842 -33.58619800000001, -70.939972 -33.59300900000001, -70.929167 -33.588466, -70.919005 -33.586043999999994, -70.912977 -33.587430999999995, -70.908473 -33.586406, -70.901973 -33.587292, -70.895709 -33.588665, -70.89272 -33.584939000000006, -70.884296 -33.581662, -70.88142 -33.58528900000001, -70.874221 -33.580721, -70.87356700000001 -33.581518, -70.875547 -33.585538, -70.864964 -33.586392, -70.864154 -33.58505400000001, -70.863366 -33.584933, -70.862314 -33.581705, -70.857597 -33.58154, -70.851689 -33.581783, -70.850418 -33.580360000000006, -70.847959 -33.58077099999999, -70.844551 -33.58115800000001, -70.84212 -33.581465, -70.833583 -33.582355, -70.83203 -33.583571, -70.834594 -33.585539, -70.829677 -33.589601, -70.820133 -33.597075, -70.818561 -33.596365, -70.815401 -33.59397899999999, -70.81221100000002 -33.596242, -70.81199525979831 -33.59595779379641))",PADRE HURTADO,José Arellano Merino (RN)
"POLYGON ((-70.685312 -33.47855, -70.685352 -33.479227, -70.686123 -33.48156600000001, -70.687933 -33.486165, -70.688849 -33.48820700000001, -70.69079 -33.492997, -70.691428 -33.49435900000001, -70.693489 -33.49857, -70.695071 -33.50202600000001, -70.694524 -33.50224600000001, -70.692792 -33.50287399999999, -70.690745 -33.503516, -70.688817 -33.504219, -70.684207 -33.505775, -70.683909 -33.50576, -70.68101 -33.50706300000001, -70.678384 -33.50821199999999, -70.676688 -33.508337, -70.675758 -33.508724, -70.670941 -33.510716, -70.6697 -33.50789, -70.66823 -33.504859, -70.665737 -33.499591, -70.663643 -33.49502199999999, -70.661242 -33.489925, -70.659951 -33.48730200000001, -70.658405 -33.483882, -70.656912 -33.480674, -70.656048 -33.478902, -70.654939 -33.476442, -70.655683 -33.476442, -70.657657 -33.476177, -70.661126 -33.475832, -70.662566 -33.475846999999995, -70.664752 -33.475914, -70.66915500000002 -33.476002, -70.671459 -33.476079000000006, -70.671591 -33.478394, -70.672697 -33.478488, -70.674778 -33.478409000000006, -70.676936 -33.478390000000005, -70.679226 -33.478265, -70.67921 -33.476964, -70.680647 -33.476994, -70.683169 -33.476915, -70.685768 -33.47693, -70.685312 -33.47855))",PEDRO AGUIRRE CERDA,Juan Rozas Romero (ind)
"POLYGON ((-70.572287 -33.459221, -70.572604 -33.460055, -70.57335 -33.461561, -70.57380200000001 -33.46260300000001, -70.574521 -33.464498, -70.575496 -33.466983, -70.575896 -33.467829, -70.576105 -33.468798, -70.575839 -33.469137, -70.575587 -33.469487, -70.575735 -33.469995, -70.576308 -33.47026399999999, -70.576643 -33.470344999999995, -70.576823 -33.471126, -70.577446 -33.474072, -70.578752 -33.480174, -70.579354 -33.482998, -70.579895 -33.485898, -70.580441 -33.488502, -70.580903 -33.490131, -70.58181700000002 -33.491577, -70.584534 -33.495874, -70.586802 -33.49963799999999, -70.587801 -33.501642000000004, -70.589433 -33.505647, -70.58967 -33.506728, -70.58995 -33.50896500000001, -70.590216 -33.510246, -70.589073 -33.510661, -70.58870800000001 -33.510507000000004, -70.58816 -33.510342, -70.587655 -33.510155, -70.584232 -33.510284, -70.57985 -33.510616, -70.576448 -33.51088, -70.570093 -33.511373, -70.56578 -33.511687, -70.564317 -33.511241, -70.56052 -33.511543, -70.557045 -33.511743, -70.5507 -33.512273, -70.542328 -33.512497, -70.53632 -33.51296, -70.533262 -33.513195, -70.531526 -33.513358999999994, -70.529441 -33.513740999999996, -70.526798 -33.51467, -70.524168 -33.51416600000001, -70.522355 -33.513938, -70.518263 -33.513250000000006, -70.515938 -33.513404, -70.483249 -33.51492700000001, -70.47533 -33.51524100000001, -70.468851 -33.515392000000006, -70.467673 -33.515508, -70.464731 -33.515935, -70.464134 -33.51518600000001, -70.464226 -33.514118, -70.461983 -33.512891, -70.461196 -33.51284600000001, -70.460365 -33.51199, -70.459104 -33.512076, -70.458104 -33.510816, -70.456953 -33.509812, -70.45588 -33.50917, -70.455766 -33.50847499999999, -70.454496 -33.507971, -70.453414 -33.507587, -70.452808 -33.507029, -70.45235 -33.506026, -70.451369 -33.504673, -70.450074 -33.503984, -70.448889 -33.503057, -70.448456 -33.503008, -70.447605 -33.503002, -70.446549 -33.502995, -70.445813 -33.50271600000001, -70.443402 -33.502475999999994, -70.443084 -33.501795, -70.441355 -33.501021, -70.439932 -33.499676, -70.438237 -33.49668, -70.437283 -33.494441, -70.437204 -33.493892, -70.43715600000002 -33.491811, -70.437177 -33.490325000000006, -70.437143 -33.490124, -70.437169 -33.489524, -70.437671 -33.489088, -70.437944 -33.488863, -70.438166 -33.488811, -70.438485 -33.488686, -70.438886 -33.488588, -70.439525 -33.48838099999999, -70.440326 -33.488126, -70.440726 -33.488006, -70.440979 -33.487879, -70.441606 -33.48755799999999, -70.442146 -33.48727999999999, -70.442522 -33.487085, -70.44292300000001 -33.486884, -70.443445 -33.486614, -70.444379 -33.486136, -70.444616 -33.486029, -70.445052 -33.485804, -70.445527 -33.485573, -70.445831 -33.48540400000001, -70.44599400000001 -33.48532699999999, -70.446322 -33.485158, -70.446506 -33.485061, -70.446764 -33.484930000000006, -70.447046 -33.484791, -70.447353 -33.48463, -70.447546 -33.484534, -70.447723 -33.484443, -70.44787 -33.48437500000001, -70.448042 -33.484283999999995, -70.448155 -33.48422300000001, -70.448344 -33.48414, -70.448366 -33.484119, -70.448513 -33.484048, -70.448681 -33.483962, -70.44894 -33.483829, -70.449087 -33.48373, -70.449217 -33.483634, -70.449393 -33.483525, -70.449543 -33.483408999999995, -70.449727 -33.483292, -70.449999 -33.483104, -70.450447 -33.482798, -70.450869 -33.48251, -70.451254 -33.482247, -70.451792 -33.481875, -70.451936 -33.481781, -70.45209 -33.481674, -70.452347 -33.481507, -70.452581 -33.481343, -70.452868 -33.481141, -70.453318 -33.480844, -70.45362200000001 -33.480635, -70.454032 -33.48035, -70.454372 -33.48012, -70.45476 -33.479854, -70.454987 -33.4797, -70.455229 -33.479561, -70.455587 -33.479352, -70.455795 -33.479234, -70.456021 -33.479101, -70.456211 -33.478985, -70.456419 -33.478872, -70.456632 -33.478745, -70.456878 -33.4786, -70.457075 -33.47849, -70.457225 -33.478399, -70.457466 -33.478262, -70.457809 -33.478064, -70.458144 -33.477865, -70.458275 -33.477788, -70.458602 -33.477598, -70.458901 -33.477426, -70.459258 -33.477219000000005, -70.459423 -33.477123, -70.459559 -33.477044, -70.459802 -33.476906, -70.460126 -33.476719, -70.460404 -33.476551, -70.460747 -33.476355, -70.46109 -33.476152, -70.461482 -33.475927, -70.461771 -33.475871, -70.462371 -33.475757, -70.462736 -33.475682, -70.463423 -33.47555700000001, -70.464032 -33.475435, -70.464739 -33.475300000000004, -70.465398 -33.475156, -70.466045 -33.475048, -70.46652 -33.474944, -70.467161 -33.474996000000004, -70.468707 -33.475088, -70.46979 -33.475165, -70.470782 -33.475226, -70.471291 -33.475254, -70.471891 -33.475289, -70.472675 -33.47471199999999, -70.473049 -33.474466, -70.473532 -33.474108, -70.474036 -33.47375999999999, -70.474469 -33.473646, -70.475146 -33.47344700000001, -70.475461 -33.47282599999999, -70.476131 -33.471627, -70.476378 -33.47124, -70.476713 -33.470574, -70.476937 -33.470144000000005, -70.477135 -33.469962, -70.477568 -33.469583, -70.477945 -33.46925, -70.478365 -33.468867, -70.478785 -33.468444, -70.478943 -33.46834199999999, -70.479318 -33.468008, -70.479724 -33.467702, -70.480032 -33.467513, -70.48039600000001 -33.467207, -70.481065 -33.466723, -70.48137 -33.466498, -70.481688 -33.46632900000001, -70.481953 -33.466052999999995, -70.482604 -33.465598, -70.483859 -33.464710000000004, -70.484269 -33.464358, -70.484583 -33.464176, -70.48520100000002 -33.46368499999999, -70.486127 -33.463034, -70.486399 -33.46178200000001, -70.486616 -33.460648, -70.487431 -33.45935, -70.487688 -33.458769000000004, -70.489106 -33.456009, -70.489579 -33.455048, -70.490424 -33.454577, -70.490889 -33.454461, -70.491973 -33.454533999999995, -70.493297 -33.454542, -70.494551 -33.454547000000005, -70.4962 -33.454609, -70.498501 -33.454683, -70.503371 -33.45474, -70.505676 -33.45480200000001, -70.504261 -33.45722, -70.506234 -33.45930200000001, -70.507518 -33.459501, -70.509029 -33.459733, -70.511374 -33.459761, -70.514155 -33.459832000000006, -70.51756600000002 -33.459755, -70.521397 -33.459589, -70.524931 -33.459415, -70.52958 -33.45928800000001, -70.529749 -33.460001000000005, -70.530233 -33.46123000000001, -70.530661 -33.462407, -70.530736 -33.463901, -70.531273 -33.4654, -70.534182 -33.464653, -70.538163 -33.463566, -70.540158 -33.462978, -70.54113200000002 -33.462871, -70.542238 -33.46287, -70.543926 -33.463641, -70.544432 -33.463612, -70.546255 -33.46343, -70.550837 -33.462633, -70.552284 -33.462650000000004, -70.560493 -33.462529, -70.562188 -33.462512, -70.565462 -33.461439, -70.567883 -33.460597, -70.572131 -33.459029, -70.572287 -33.459221))",PEÑALOLÉN,Carolina Leitao Álvarez-Salamanca (PDC)
 
"POLYGON ((-70.611106 -33.406517, -70.614222 -33.408112, -70.616283 -33.410317, -70.618476 -33.412433, -70.622128 -33.414722, -70.624312 -33.415797, -70.625404 -33.417473, -70.627569 -33.418908, -70.630123 -33.419888, -70.631734 -33.421223, -70.632893 -33.422541, -70.633687 -33.424749, -70.634317 -33.427188, -70.635844 -33.429503, -70.636279 -33.430599, -70.636029 -33.432148, -70.635769 -33.433364, -70.635366 -33.435752, -70.635356 -33.436859, -70.634979 -33.43816, -70.63455 -33.439438, -70.633702 -33.442423, -70.632233 -33.447403, -70.631486 -33.44986, -70.626747 -33.448912, -70.625361 -33.448576, -70.622997 -33.448111, -70.620895 -33.447697, -70.618762 -33.447285, -70.618407 -33.448376, -70.613788 -33.447521, -70.613896 -33.446824, -70.611297 -33.446461, -70.608757 -33.445729, -70.6086 -33.445683, -70.608072 -33.445667, -70.606172 -33.445415, -70.603376 -33.445071, -70.60048 -33.44478, -70.599199 -33.444651, -70.599136 -33.444872, -70.598214 -33.444811, -70.597922 -33.444833, -70.59607 -33.445994, -70.592776 -33.447745, -70.592014 -33.446838, -70.591165 -33.445728, -70.590377 -33.444453, -70.588918 -33.442143, -70.587489 -33.439952, -70.586819 -33.439008, -70.584291 -33.436124, -70.582578 -33.434199, -70.582266 -33.433738, -70.582791 -33.433454, -70.5836 -33.43271, -70.584494 -33.43186, -70.58535 -33.430812, -70.586057 -33.430199, -70.588851 -33.427823, -70.590196 -33.426715, -70.594528 -33.423354, -70.597986 -33.420756, -70.600264 -33.41907, -70.601496 -33.417981, -70.602386 -33.417588, -70.604217 -33.417225, -70.606692 -33.416162, -70.605411 -33.413232, -70.60539 -33.41206, -70.603948 -33.40901, -70.608038 -33.408351, -70.610216 -33.406072, -70.611106 -33.406517))",PROVIDENCIA,Evelyn Matthei Fornet (UDI)
"POLYGON ((-70.81199525979831 -33.35967578099646, -70.81420300000002 -33.360251999999996, -70.816229 -33.361709, -70.818166 -33.36263, -70.819733 -33.362859, -70.821302 -33.364626, -70.822595 -33.366087, -70.823616 -33.369779, -70.825001 -33.371162, -70.826107 -33.371776, -70.828228 -33.372927, -70.828323 -33.374235999999996, -70.828968 -33.37461900000001, -70.829248 -33.376235, -70.831925 -33.377771, -70.83285 -33.37892399999999, -70.832759 -33.37953999999999, -70.83248500000002 -33.380772, -70.834424 -33.38192299999999, -70.837375 -33.382842, -70.837377 -33.383458, -70.837563 -33.384382, -70.839317 -33.385303, -70.839776 -33.384686, -70.843553 -33.38406499999999, -70.845486 -33.382831, -70.849631 -33.38113, -70.854512 -33.378504, -70.856447 -33.378039, -70.860498 -33.37603000000001, -70.866391 -33.37515700000001, -70.870282 -33.37552, -70.87347300000002 -33.374877, -70.87517 -33.373501, -70.876432 -33.373495, -70.87784600000002 -33.374963, -70.882096 -33.375236, -70.885915 -33.373783, -70.887521 -33.37396, -70.889662 -33.37450599999999, -70.894333 -33.375147, -70.901281 -33.368173, -70.907283 -33.366423, -70.910442 -33.366287, -70.932734 -33.37887, -70.941686 -33.380824, -70.944801 -33.382572, -70.951516 -33.382911, -70.953379 -33.392392, -70.954551 -33.398395, -70.952241 -33.40455800000001, -70.954891 -33.40952, -70.949572 -33.41916, -70.95288 -33.433678, -70.957727 -33.440043, -70.95673 -33.447877, -70.952494 -33.45292299999999, -70.951908 -33.456599, -70.953165 -33.46072499999999, -70.9502 -33.468315, -70.939307 -33.474189, -70.933696 -33.474204, -70.923362 -33.486971, -70.91549 -33.488009, -70.896185 -33.479198, -70.880216 -33.480589, -70.85649 -33.476639, -70.851542 -33.47791800000001, -70.847349 -33.47830100000001, -70.845655 -33.473297, -70.842612 -33.469606, -70.84179 -33.466655, -70.839824 -33.466468, -70.835307 -33.466848, -70.82976 -33.465054, -70.824657 -33.468139, -70.814385 -33.465992, -70.81199525979831 -33.46439574096633, -70.810816 -33.463608, -70.804859 -33.462335, -70.806376 -33.460319, -70.802862 -33.459978, -70.800039 -33.460096, -70.796623 -33.46030300000001, -70.790599 -33.460888, -70.788253 -33.457206, -70.782626 -33.45779000000001, -70.77567 -33.458239, -70.764748 -33.458924, -70.764343 -33.46027599999999, -70.763322 -33.463299000000006, -70.762863 -33.463441, -70.762065 -33.463885, -70.759912 -33.464292, -70.759066 -33.464574, -70.748212 -33.466499, -70.737367 -33.46857, -70.737177 -33.471707, -70.731261 -33.467538, -70.731107 -33.46405200000001, -70.731215 -33.454985, -70.732408 -33.45479, -70.738902 -33.453518, -70.739094 -33.45177700000001, -70.739241 -33.450214, -70.739544 -33.446523, -70.740586 -33.44575, -70.740605 -33.445627, -70.740562 -33.444638, -70.740497 -33.441825, -70.7407 -33.43917499999999, -70.740839 -33.436374, -70.740857 -33.433729, -70.740846 -33.43267, -70.740842 -33.429951, -70.740863 -33.429906, -70.742431 -33.429995000000005, -70.744611 -33.429971, -70.746818 -33.429959, -70.748472 -33.429579, -70.749516 -33.42935099999999, -70.75051 -33.429113, -70.75148 -33.428718, -70.752279 -33.42829, -70.753378 -33.428113, -70.754441 -33.42791299999999, -70.755502 -33.427432, -70.757054 -33.427222, -70.757617 -33.427347, -70.75838 -33.427398, -70.760163 -33.427386, -70.761305 -33.427687, -70.762415 -33.427728, -70.763152 -33.427571, -70.764202 -33.42712000000001, -70.766631 -33.42598600000001, -70.767596 -33.425359, -70.76958 -33.425209, -70.771007 -33.42487500000001, -70.771739 -33.424935000000005, -70.773257 -33.424633, -70.775258 -33.424306, -70.776767 -33.423022, -70.777554 -33.420196, -70.778257 -33.419447, -70.778885 -33.418691, -70.778948 -33.41847, -70.779024 -33.417632, -70.779187 -33.41738, -70.779953 -33.416674, -70.780899 -33.416188999999996, -70.78101 -33.415916, -70.782065 -33.415855, -70.782375 -33.407902, -70.78218800000002 -33.405541, -70.781789 -33.404884, -70.776698 -33.400113, -70.759256 -33.38593, -70.808019 -33.355487999999994, -70.809314 -33.355951, -70.809499 -33.35694999999999, -70.810975 -33.357565, -70.810977 -33.35941, -70.81199525979831 -33.35967578099646))",PUDAHUEL,Johnny Carrasco Cerda (PS)
 
"POLYGON ((-70.4891 -33.541369, -70.49485 -33.542626000000006, -70.500324 -33.545829000000005, -70.51047 -33.542898, -70.514304 -33.541719, -70.51662 -33.542453, -70.51949 -33.542885000000005, -70.529928 -33.544835000000006, -70.532468 -33.545299, -70.54161500000001 -33.546907, -70.5539 -33.548095, -70.55445 -33.548053, -70.568163 -33.547561, -70.563353 -33.55332500000001, -70.557255 -33.56085099999999, -70.563913 -33.562158999999994, -70.584576 -33.565691, -70.583924 -33.568913, -70.592177 -33.569993, -70.592489 -33.570223000000006, -70.592764 -33.569985, -70.597699 -33.567899, -70.597982 -33.567734, -70.59952 -33.567365, -70.600784 -33.567582, -70.605147 -33.56883400000001, -70.611387 -33.570231, -70.609401 -33.580765, -70.609992 -33.580896, -70.609426 -33.586958, -70.608561 -33.58715499999998, -70.607004 -33.59594999999999, -70.606074 -33.602083, -70.618176 -33.603905, -70.626838 -33.604897, -70.626655 -33.610164, -70.626526 -33.61875100000001, -70.62762 -33.623164, -70.628576 -33.627907, -70.629507 -33.63211400000001, -70.630706 -33.638522, -70.631269 -33.64171000000002, -70.631926 -33.644153, -70.628409 -33.64253900000001, -70.625956 -33.64240600000001, -70.622897 -33.64315500000001, -70.621265 -33.643103, -70.617733 -33.64342, -70.614926 -33.643077, -70.61087 -33.642066, -70.606907 -33.641295, -70.601805 -33.640708, -70.598229 -33.639695, -70.597187 -33.637385, -70.595188 -33.637614, -70.591538 -33.638169, -70.590217 -33.637707999999996, -70.589607 -33.635978, -70.58779300000002 -33.634874, -70.585681 -33.633778, -70.583114 -33.634389, -70.580945 -33.634247000000016, -70.579666 -33.631103, -70.57717 -33.627825, -70.575301 -33.626431, -70.571273 -33.625258, -70.567947 -33.625975, -70.566847 -33.624317, -70.566533 -33.621099, -70.564596 -33.620316, -70.5611 -33.620481, -70.557371 -33.621085, -70.554535 -33.619941, -70.550862 -33.61844, -70.547672 -33.61841, -70.544023 -33.61808, -70.541084 -33.619982, -70.538474 -33.619329, -70.534878 -33.61708600000001, -70.533032 -33.616271, -70.529037 -33.61594699999999, -70.525692 -33.616147000000005, -70.519577 -33.615768, -70.516704 -33.61370800000001, -70.51349000000002 -33.61365, -70.510178 -33.613424, -70.508313 -33.611734000000006, -70.508612 -33.608993, -70.506668 -33.607769, -70.50338 -33.60861899999999, -70.500267 -33.608203, -70.497954 -33.60509, -70.501093 -33.60123200000001, -70.497766 -33.600376, -70.491109 -33.597782, -70.488079 -33.594974, -70.484237 -33.594661, -70.480181 -33.593906, -70.478841 -33.589664, -70.477029 -33.589242000000006, -70.478266 -33.580507, -70.480813 -33.57539500000001, -70.485089 -33.566823, -70.489112 -33.559717, -70.487717 -33.554154999999994, -70.485986 -33.548026, -70.486758 -33.544439, -70.486075 -33.540658, -70.4891 -33.541369))",PUENTE ALTO,Germán Codina Powers (RN)
"POLYGON ((-70.751881 -33.39034800000001, -70.748584 -33.390541, -70.745002 -33.389698, -70.741989 -33.38918, -70.740985 -33.389207, -70.739523 -33.390215, -70.73878 -33.390674, -70.738235 -33.391966, -70.737296 -33.392653, -70.736716 -33.393254, -70.734963 -33.392523, -70.732593 -33.392447999999995, -70.731143 -33.392326, -70.728698 -33.391954, -70.7221 -33.39072, -70.715318 -33.39048199999999, -70.711264 -33.390705, -70.70225700000002 -33.383047, -70.696208 -33.383446, -70.696076 -33.384249, -70.693779 -33.383852, -70.694654 -33.381729, -70.693722 -33.38142, -70.693417 -33.381381, -70.695148 -33.37758999999999, -70.698622 -33.370034, -70.70017 -33.36622599999999, -70.698807 -33.366014, -70.696684 -33.365897, -70.689659 -33.366207, -70.689766 -33.363248999999996, -70.691135 -33.358814, -70.691699 -33.35705999999999, -70.692306 -33.354504, -70.692895 -33.35243799999999, -70.69376 -33.35023799999999, -70.694235 -33.344991, -70.694419 -33.343577, -70.694256 -33.342439, -70.693578 -33.341137, -70.692872 -33.339859, -70.692437 -33.338681, -70.692659 -33.337073000000004, -70.693536 -33.334424999999996, -70.694141 -33.333344, -70.695265 -33.33224800000001, -70.699055 -33.329201, -70.70402 -33.325582, -70.705098 -33.324253, -70.705983 -33.321757, -70.706705 -33.319746, -70.70699 -33.318566, -70.707142 -33.318513, -70.707151 -33.318133, -70.706964 -33.317627, -70.706709 -33.317245, -70.706874 -33.316840000000006, -70.707222 -33.316689, -70.708497 -33.316545, -70.709013 -33.316704, -70.70999 -33.317147, -70.71076 -33.317068000000006, -70.71105800000001 -33.316906, -70.710984 -33.317217, -70.711282 -33.318534, -70.711104 -33.31919299999999, -70.710881 -33.319392, -70.709915 -33.319865, -70.70858500000001 -33.32191099999999, -70.719493 -33.324469, -70.727913 -33.326378, -70.735556 -33.328113, -70.757429 -33.33323800000001, -70.774735 -33.33734799999999, -70.792526 -33.341531, -70.794642 -33.34481499999999, -70.795274 -33.344339, -70.796405 -33.34497000000001, -70.797431 -33.346978, -70.799144 -33.348506, -70.799893 -33.348361000000004, -70.801898 -33.348985, -70.803563 -33.350542000000004, -70.804095 -33.351184, -70.80472 -33.352148, -70.805105 -33.35267, -70.806988 -33.353107, -70.807516 -33.35399100000001, -70.808101 -33.355275, -70.751881 -33.39034800000001))",QUILICURA,Juan Carrasco Contreras (ind)
 
"POLYGON ((-70.72216 -33.412005, -70.721458 -33.412418, -70.720655 -33.412677, -70.719358 -33.413232, -70.71724700000001 -33.414524, -70.71582 -33.415147, -70.716713 -33.416432, -70.717055 -33.417974, -70.717704 -33.420953, -70.718555 -33.424123, -70.719586 -33.428137, -70.720755 -33.432848, -70.721191 -33.43522, -70.721468 -33.43665300000001, -70.717049 -33.437256, -70.710357 -33.438184, -70.70707 -33.438093, -70.707225 -33.441505, -70.707337 -33.44287899999999, -70.707277 -33.446593, -70.707132 -33.448764, -70.706354 -33.448692, -70.698005 -33.447716, -70.692389 -33.447968, -70.692299 -33.44791699999999, -70.69217 -33.446113, -70.692087 -33.44448799999999, -70.691852 -33.44271, -70.691766 -33.440654, -70.691777 -33.439336, -70.691556 -33.439251, -70.687652 -33.438959, -70.684079 -33.438696, -70.684253 -33.437564, -70.683774 -33.43749, -70.683691 -33.436518, -70.682549 -33.436238, -70.681003 -33.436019, -70.68086100000001 -33.437245, -70.68128 -33.437362, -70.681256 -33.438464, -70.68007500000002 -33.438406, -70.680234 -33.43658, -70.680269 -33.43574, -70.680515 -33.43301, -70.680626 -33.431622, -70.680764 -33.429882, -70.68066 -33.429024, -70.680321 -33.428298, -70.679147 -33.42739400000001, -70.677514 -33.426871000000006, -70.676528 -33.426843, -70.676164 -33.4269, -70.67191 -33.428253, -70.671491 -33.42651, -70.67266 -33.426165, -70.673614 -33.425775, -70.67509 -33.425147, -70.676294 -33.42462700000001, -70.677746 -33.423982, -70.679691 -33.42309800000001, -70.681391 -33.42235199999999, -70.683786 -33.421342, -70.68564 -33.420621, -70.686856 -33.420367, -70.688176 -33.419855, -70.688881 -33.419282, -70.690567 -33.418388, -70.69155000000002 -33.417553, -70.692307 -33.416382, -70.692704 -33.41562, -70.69309 -33.41533299999999, -70.69352 -33.414899, -70.694254 -33.414352, -70.695012 -33.41375300000001, -70.696111 -33.41293, -70.69651 -33.412708, -70.697301 -33.412268, -70.698111 -33.411741, -70.699531 -33.410784, -70.700163 -33.4101, -70.700357 -33.409974, -70.701087 -33.40952, -70.701881 -33.409133, -70.703022 -33.408611, -70.704231 -33.408158, -70.704846 -33.408046, -70.705625 -33.407889, -70.708712 -33.40788400000001, -70.710234 -33.407964, -70.7109 -33.40784500000001, -70.713097 -33.40805900000001, -70.71376 -33.408373, -70.714432 -33.408792, -70.714933 -33.40928499999999, -70.715685 -33.409635, -70.717267 -33.409899, -70.718128 -33.409892, -70.718786 -33.410071, -70.719335 -33.410117, -70.719775 -33.410216, -70.720394 -33.410307, -70.720988 -33.410652, -70.721491 -33.41088400000001, -70.722373 -33.411536999999996, -70.722572 -33.411642, -70.72216 -33.412005))",QUINTA NORMAL,Carmen Gloria Fernández (PDC)
 
"POLYGON ((-70.615459 -33.400890000000004, -70.618292 -33.398728, -70.623477 -33.395125, -70.627847 -33.39257299999999, -70.631126 -33.39007800000001, -70.645174 -33.380848, -70.650323 -33.378761, -70.651787 -33.378224, -70.655071 -33.377094, -70.656719 -33.376454, -70.657289 -33.377527, -70.657728 -33.378386, -70.657714 -33.378694, -70.657514 -33.381971, -70.657349 -33.384344, -70.657223 -33.385805, -70.657234 -33.386122, -70.657302 -33.387438, -70.657442 -33.388861, -70.657362 -33.390174, -70.657258 -33.391894, -70.657323 -33.392977, -70.657453 -33.394893, -70.657527 -33.39568, -70.657772 -33.39759600000001, -70.658241 -33.399571, -70.658258 -33.400327000000004, -70.6578 -33.402392, -70.657143 -33.40531399999999, -70.653119 -33.406389, -70.653248 -33.40718, -70.653186 -33.407253999999995, -70.653155 -33.408051, -70.65317000000002 -33.410301, -70.652853 -33.41142200000001, -70.652765 -33.412467, -70.652747 -33.414147, -70.6527 -33.417497999999995, -70.651798 -33.417511, -70.65013600000002 -33.417836, -70.650274 -33.418562, -70.650592 -33.420142, -70.650674 -33.420778, -70.651147 -33.42429200000001, -70.651228 -33.425142, -70.65161 -33.430251, -70.651708 -33.431254, -70.651637 -33.431987, -70.645113 -33.43353, -70.63783200000002 -33.435203, -70.635362 -33.43578500000001, -70.63595 -33.432579, -70.636255 -33.430872, -70.636292 -33.43058800000001, -70.636075 -33.430129, -70.635848 -33.42949900000001, -70.634328 -33.427183, -70.633696 -33.42477, -70.632892 -33.422537, -70.631726 -33.42119, -70.63012000000002 -33.419882, -70.627551 -33.418886, -70.625403 -33.417480000000005, -70.624303 -33.41579300000001, -70.622161 -33.414729, -70.618485 -33.41242, -70.616219 -33.41024, -70.61422 -33.40810100000001, -70.610227 -33.406046, -70.610041 -33.404773999999996, -70.610128 -33.402857999999995, -70.615459 -33.400890000000004))",RECOLETA,Daniel Jadue Jadue (PCCh)
 
"POLYGON ((-70.780663 -33.403833, -70.782122 -33.405278, -70.782481 -33.406558, -70.782458 -33.409393, -70.78216 -33.413742, -70.781471 -33.413891, -70.778766 -33.41393299999999, -70.775925 -33.413716, -70.77343 -33.414251, -70.771672 -33.414573, -70.768869 -33.41445, -70.766011 -33.41373, -70.762749 -33.413048, -70.760253 -33.41249700000001, -70.759003 -33.41235, -70.756812 -33.41265, -70.755694 -33.412710000000004, -70.754101 -33.412581, -70.752046 -33.4123, -70.750767 -33.41226000000001, -70.749244 -33.412242, -70.747349 -33.412445, -70.746615 -33.412474, -70.745588 -33.412465, -70.744559 -33.412386, -70.743628 -33.412206, -70.742026 -33.412227, -70.740953 -33.412309, -70.738818 -33.41234, -70.737468 -33.41222, -70.735735 -33.41214200000001, -70.73383800000002 -33.412367, -70.732977 -33.41240899999999, -70.731813 -33.41254, -70.729927 -33.412882, -70.728905 -33.41334500000001, -70.727967 -33.413616, -70.72691 -33.413275, -70.726129 -33.413025, -70.725205 -33.412745, -70.724634 -33.412516, -70.723965 -33.412137, -70.723043 -33.411789, -70.722385 -33.411538, -70.721475 -33.410859, -70.720374 -33.410301, -70.71936800000002 -33.410105, -70.718808 -33.410056, -70.718122 -33.409866, -70.717323 -33.409891, -70.71663700000002 -33.409809, -70.715679 -33.40961800000001, -70.714904 -33.40924999999999, -70.714428 -33.408803999999996, -70.713783 -33.408376, -70.713091 -33.40803699999999, -70.712279 -33.407948, -70.710936 -33.407841, -70.710248 -33.407941, -70.708665 -33.407862, -70.707183 -33.407863, -70.705597 -33.407873, -70.704264 -33.408142, -70.702933 -33.408619, -70.70108 -33.409503, -70.700192 -33.410078, -70.699535 -33.410751, -70.698646 -33.411375, -70.697329 -33.412248, -70.696192 -33.412883, -70.694798 -33.413903000000005, -70.693571 -33.41486, -70.69271 -33.415617, -70.69225000000002 -33.416436, -70.691533 -33.41755, -70.690551 -33.418386999999996, -70.688865 -33.419276, -70.688171 -33.419846, -70.686881 -33.42035, -70.685629 -33.420608, -70.683248 -33.421547999999994, -70.680437 -33.422766, -70.678404 -33.423664, -70.676341 -33.424598, -70.672598 -33.426188999999994, -70.671463 -33.426499, -70.671268 -33.425967, -70.671787 -33.425261, -70.672617 -33.424341, -70.673775 -33.422851, -70.674493 -33.42195, -70.675095 -33.421438, -70.676717 -33.420488, -70.677454 -33.419908, -70.677691 -33.419593, -70.67812000000002 -33.419039, -70.678521 -33.418419, -70.678805 -33.417565, -70.678901 -33.416638000000006, -70.67915 -33.41509, -70.679554 -33.411792, -70.679981 -33.40852099999999, -70.680279 -33.40632500000001, -70.680452 -33.405687, -70.680857 -33.404754, -70.681492 -33.403665999999994, -70.682525 -33.401977, -70.683752 -33.399866, -70.685237 -33.397435, -70.686529 -33.395354, -70.687686 -33.393349, -70.688615 -33.391804, -70.68914 -33.390861, -70.689683 -33.389737, -70.690657 -33.387645, -70.691682 -33.38546, -70.692051 -33.384471999999995, -70.693421 -33.381391, -70.693661 -33.381419, -70.694612 -33.381743, -70.693777 -33.38384500000001, -70.696069 -33.384263000000004, -70.69623800000001 -33.383454, -70.702265 -33.383042, -70.70256200000001 -33.383339, -70.706518 -33.3867, -70.708837 -33.388663, -70.711248 -33.390707, -70.712966 -33.390627, -70.715389 -33.390499000000005, -70.717913 -33.390562, -70.722064 -33.390709, -70.725498 -33.39137999999999, -70.729204 -33.392056, -70.730776 -33.392272, -70.732425 -33.392425, -70.734999 -33.392528999999996, -70.73669 -33.393263, -70.73731000000001 -33.392684, -70.738241 -33.391964, -70.738792 -33.390661, -70.740999 -33.38922, -70.741972 -33.389195, -70.748717 -33.390571, -70.751804 -33.390364, -70.759352 -33.385711, -70.780663 -33.403833))",RENCA,Claudio Castro Salas (PDC)
"POLYGON ((-70.81199525979831 -33.724376435110116, -70.813442 -33.72495, -70.816784 -33.723541, -70.819169 -33.72222, -70.82157 -33.72187, -70.823968 -33.721993, -70.823808 -33.726627, -70.822386 -33.72822600000001, -70.822735 -33.732283, -70.822551 -33.742012, -70.83007 -33.746791, -70.828649 -33.75194499999999, -70.823832 -33.756136000000005, -70.81199525979831 -33.74822515989636, -70.798472 -33.739184, -70.740113 -33.697067, -70.72441 -33.690264, -70.718941 -33.686256, -70.714779 -33.682149, -70.714496 -33.676837, -70.71060251391113 -33.671069353380496, -70.710499 -33.670916, -70.705189 -33.663771, -70.700333 -33.663664999999995, -70.695504 -33.661323, -70.689325 -33.661236, -70.68176200000002 -33.661497, -70.67447 -33.65968600000001, -70.667301 -33.658455000000004, -70.660602 -33.654745, -70.655383 -33.651588, -70.648316 -33.64904200000001, -70.641647 -33.646737, -70.635897 -33.645168, -70.632544 -33.645985, -70.630469 -33.645649, -70.632116 -33.643986, -70.631118 -33.641169999999995, -70.630162 -33.636238, -70.628847 -33.628033, -70.644661 -33.627853, -70.64329200000002 -33.621945999999994, -70.646925 -33.621985, -70.643377 -33.610189, -70.670645 -33.607336, -70.668791 -33.601887000000005, -70.66676 -33.596206, -70.665029 -33.590772, -70.663207 -33.58528, -70.66975 -33.583899, -70.676704 -33.582485, -70.680031 -33.581175, -70.684295 -33.579464, -70.694382 -33.575535, -70.697452 -33.57432899999999, -70.70088 -33.572954, -70.698145 -33.56701, -70.69675 -33.563951, -70.697106 -33.563597, -70.695442 -33.555881, -70.693149 -33.556081, -70.69114 -33.551789, -70.68740000000001 -33.543565, -70.686344 -33.541233999999996, -70.68655 -33.541009, -70.685385 -33.539141, -70.689342 -33.53773799999999, -70.693066 -33.53638000000001, -70.698066 -33.53453400000001, -70.700371 -33.533685, -70.707308 -33.531092, -70.716589 -33.527824, -70.725993 -33.524213, -70.734151 -33.533853, -70.75355100000002 -33.555345, -70.761933 -33.56434099999999, -70.767556 -33.571921, -70.759861 -33.574826, -70.755413 -33.576628, -70.753591 -33.581577, -70.751264 -33.584117, -70.749428 -33.586576, -70.745882 -33.5894, -70.742352 -33.594499, -70.741043 -33.598769, -70.741185 -33.604214, -70.747119 -33.609347, -70.750797 -33.615179, -70.747903 -33.622366, -70.743984 -33.628856000000006, -70.73617 -33.63310700000001, -70.737188 -33.63653000000001, -70.738616 -33.63978399999999, -70.74272100000002 -33.640825, -70.747234 -33.643408, -70.75706400000001 -33.646877, -70.776459 -33.640082, -70.788836 -33.640128999999995, -70.80106 -33.651699, -70.802246 -33.657792, -70.806018 -33.65882, -70.808157 -33.659322, -70.810447 -33.660834, -70.809773 -33.661269999999995, -70.809163 -33.662419, -70.807595 -33.663662, -70.806238 -33.664725999999995, -70.804973 -33.665836, -70.803655 -33.666929, -70.802652 -33.667187, -70.801276 -33.666797, -70.801192 -33.66814299999999, -70.800974 -33.668963, -70.801619 -33.670657, -70.801156 -33.671282, -70.80311700000001 -33.67452, -70.801557 -33.678471, -70.79982 -33.681942, -70.797538 -33.684698, -70.7975099949826 -33.685071164385114, -70.797276 -33.68818900000001, -70.795312 -33.69003, -70.794775 -33.69424, -70.793102 -33.69797, -70.796461 -33.70242, -70.796732 -33.705204, -70.799225 -33.70586800000001, -70.801442 -33.710502, -70.805035 -33.71301, -70.806976 -33.71695, -70.80779500000001 -33.721108, -70.810332 -33.723717, -70.81199525979831 -33.724376435110116))",SAN BERNARDO,Leonel Cádiz Soto (PS)
"POLYGON ((-70.641875 -33.47825000000001, -70.64178 -33.480899, -70.641597 -33.481993, -70.64124 -33.485015, -70.64089 -33.487441, -70.640408 -33.491337, -70.639914 -33.494891, -70.639573 -33.497335, -70.639268 -33.500988, -70.639012 -33.50356899999999, -70.638988 -33.50334, -70.638634 -33.507204, -70.63765 -33.511372, -70.637233 -33.513102999999994, -70.636848 -33.516589, -70.636605 -33.518736999999994, -70.628219 -33.51787899999999, -70.627149 -33.517691, -70.624132 -33.516381, -70.620237 -33.51444200000001, -70.615078 -33.51307, -70.611305 -33.51307, -70.611642 -33.510355, -70.612014 -33.509984, -70.613785 -33.508214, -70.61409200000001 -33.507706000000006, -70.614304 -33.50630000000001, -70.615066 -33.502883, -70.616455 -33.496438, -70.617477 -33.491844, -70.6186 -33.48735, -70.618784 -33.487217, -70.619737 -33.486233, -70.620099 -33.485752999999995, -70.620567 -33.484598, -70.620821 -33.483144, -70.621598 -33.480239000000005, -70.622977 -33.474964, -70.624007 -33.471499, -70.624065 -33.470751, -70.624304 -33.470164, -70.625148 -33.469544, -70.62536 -33.469952000000006, -70.626424 -33.471241, -70.627992 -33.472063999999996, -70.631698 -33.473371, -70.635137 -33.474634, -70.636894 -33.475284, -70.63909 -33.476004, -70.640592 -33.47628499999999, -70.641966 -33.4764, -70.641875 -33.47825000000001))",SAN JOAQUÍN,Sergio Echeverría García (ind/PS)
 
"POLYGON ((-70.670963 -33.51069, -70.662927 -33.513169, -70.6581 -33.51468100000001, -70.649841 -33.516289, -70.641024 -33.51803, -70.637346 -33.518765, -70.636617 -33.518752, -70.636739 -33.51797100000001, -70.636781 -33.517023, -70.636946 -33.51610999999999, -70.637034 -33.51513, -70.637273 -33.512999, -70.637977 -33.509988, -70.638173 -33.509186, -70.638627 -33.50718500000001, -70.638891 -33.504707, -70.639246 -33.501103, -70.639553 -33.497712, -70.639857 -33.495286, -70.640342 -33.491798, -70.640812 -33.488032, -70.641197 -33.48538799999999, -70.641547 -33.48224799999999, -70.641753 -33.480934, -70.641854 -33.478784, -70.641967 -33.476354, -70.64359700000001 -33.476439, -70.645285 -33.476504, -70.647667 -33.476591, -70.648562 -33.476736, -70.650053 -33.476669, -70.651583 -33.47658, -70.653607 -33.476588, -70.654913 -33.476489, -70.670963 -33.51069))",SAN MIGUEL,Luis Sanhueza Bravo (RN)
"POLYGON ((-70.644609 -33.517477, -70.645143 -33.519406, -70.645675 -33.52132999999999, -70.646115 -33.522926999999996, -70.646212 -33.523295, -70.646495 -33.523858, -70.646583 -33.524219, -70.647107 -33.526175, -70.647724 -33.528269, -70.647934 -33.528547, -70.6484 -33.530386, -70.649258 -33.533322000000005, -70.649727 -33.53497, -70.650475 -33.537742, -70.651215 -33.54025399999999, -70.65194 -33.542736, -70.652347 -33.544685, -70.653111 -33.547482, -70.65415 -33.551096, -70.654494 -33.552879, -70.654902 -33.554984, -70.653385 -33.555201, -70.649123 -33.555849, -70.645501 -33.556454, -70.635305 -33.557753, -70.632096 -33.558149, -70.631027 -33.558086, -70.631826 -33.554431, -70.632057 -33.553464999999996, -70.632481 -33.551538, -70.632759 -33.55028300000001, -70.633348 -33.547382, -70.633618 -33.545903, -70.633763 -33.54485900000001, -70.633958 -33.543434000000005, -70.634087 -33.542609000000006, -70.634229 -33.541386, -70.634462 -33.539619, -70.634565 -33.53704199999999, -70.634602 -33.535573, -70.63466900000002 -33.53412899999999, -70.634862 -33.532251, -70.635144 -33.530829, -70.635519 -33.529039, -70.635565 -33.527385, -70.635703 -33.526319, -70.636388 -33.5208, -70.636634 -33.518736000000004, -70.637367 -33.518758, -70.639268 -33.518384, -70.641967 -33.51784000000001, -70.64456 -33.517348, -70.644609 -33.517477))",SAN RAMÓN,Miguel Ángel Aguilera (PS)
 
"POLYGON ((-70.67916 -33.469425, -70.679747 -33.470362, -70.680145 -33.470577000000006, -70.68012 -33.47070500000001, -70.678501 -33.470705, -70.677615 -33.470674, -70.673884 -33.47066000000001, -70.672944 -33.470691, -70.67293000000001 -33.472383, -70.672948 -33.474765, -70.673119 -33.474883, -70.673253 -33.475207999999995, -70.673521 -33.475578999999996, -70.673802 -33.475803, -70.674528 -33.476001, -70.674577 -33.476564, -70.674565 -33.476767, -70.675083 -33.47689, -70.67646 -33.476919, -70.678137 -33.476907000000004, -70.679181 -33.476932, -70.679224 -33.478291, -70.678634 -33.478325, -70.677049 -33.478342, -70.675605 -33.47837, -70.673205 -33.478479, -70.671592 -33.478479, -70.671609 -33.47774700000001, -70.671615 -33.476772, -70.671585 -33.476046, -70.669649 -33.475998, -70.668444 -33.47601300000001, -70.664874 -33.47590600000001, -70.66341 -33.47583900000001, -70.661266 -33.475824, -70.66022 -33.475933, -70.65834 -33.476102, -70.654927 -33.476473, -70.653617 -33.476601, -70.651488 -33.476582, -70.65000700000002 -33.476676, -70.648512 -33.476745, -70.647835 -33.476627, -70.646938 -33.47656, -70.645092 -33.476496, -70.641977 -33.47637, -70.64061000000001 -33.476271, -70.639268 -33.476020000000005, -70.637752 -33.475534, -70.636384 -33.475087, -70.63154900000002 -33.47330300000001, -70.627955 -33.472019, -70.626429 -33.471216, -70.625358 -33.469939, -70.625165 -33.469515, -70.625874 -33.469021, -70.626046 -33.46855999999999, -70.626635 -33.466514000000004, -70.628021 -33.461807, -70.629607 -33.456202, -70.630386 -33.453779, -70.630923 -33.451877999999994, -70.6317 -33.449299, -70.633884 -33.441812, -70.634555 -33.439462, -70.63514 -33.437751999999996, -70.635387 -33.436841, -70.635386 -33.436387, -70.635364 -33.435788, -70.635788 -33.435673, -70.638809 -33.43497299999999, -70.64006 -33.434697, -70.645337 -33.433482, -70.648051 -33.432821, -70.648775 -33.43263499999999, -70.653032 -33.431681, -70.656407 -33.43088999999999, -70.657242 -33.430496, -70.658448 -33.429962, -70.65966400000002 -33.429729, -70.660364 -33.42951399999999, -70.66194 -33.428951, -70.663 -33.428774000000004, -70.665358 -33.42791700000001, -70.666964 -33.427302, -70.671225 -33.425949, -70.671475 -33.4265, -70.671769 -33.427549, -70.671916 -33.428285, -70.673367 -33.427765, -70.675509 -33.427065, -70.676494 -33.426834, -70.67756 -33.426852, -70.679052 -33.42731199999999, -70.679685 -33.427751, -70.68029800000001 -33.428313, -70.680646 -33.429014, -70.680773 -33.429901, -70.680059 -33.43845300000001, -70.681276 -33.438495999999994, -70.681331 -33.43736, -70.680859 -33.437281, -70.681022 -33.436011, -70.682916 -33.436277, -70.68368 -33.436496999999996, -70.683757 -33.437491, -70.684255 -33.437584, -70.684067 -33.438719999999996, -70.687283 -33.438952, -70.689503 -33.439097, -70.691563 -33.439232, -70.691774 -33.439339, -70.691728 -33.440809, -70.691834 -33.442423, -70.692083 -33.444488, -70.689893 -33.444393, -70.688674 -33.44433, -70.684189 -33.444094, -70.681942 -33.443978, -70.68021 -33.443918, -70.679574 -33.443926, -70.679451 -33.445349, -70.679196 -33.448369, -70.679084 -33.44962, -70.678905 -33.450971, -70.677818 -33.450716, -70.67793 -33.452363, -70.678147 -33.455544, -70.678488 -33.46004800000001, -70.679152 -33.469328999999995, -70.67916 -33.469425))",SANTIAGO,Felipe Alessandri Vergara (RN)
"POLYGON ((-70.584525 -33.35062500000001, -70.586558 -33.353431, -70.592602 -33.355693, -70.596196 -33.359462, -70.600058 -33.362974, -70.597058 -33.365828, -70.597067 -33.369242, -70.597638 -33.371813, -70.601274 -33.374614, -70.603255 -33.377518, -70.604137 -33.380787, -70.60387200000001 -33.383336, -70.602111 -33.386451, -70.60302 -33.390455, -70.604918 -33.393381, -70.606676 -33.39485100000001, -70.607529 -33.398628, -70.610131 -33.402821, -70.61018 -33.406102, -70.60803200000001 -33.408324, -70.603906 -33.408994, -70.602367 -33.408246, -70.60138 -33.408108, -70.599086 -33.408081, -70.596959 -33.407388, -70.588409 -33.404461, -70.585568 -33.403861000000006, -70.581406 -33.402131, -70.571115 -33.398039, -70.55685 -33.39296499999999, -70.548231 -33.389883, -70.53809800000002 -33.385736, -70.53420600000001 -33.38426599999999, -70.531492 -33.38141, -70.528193 -33.378038000000004, -70.52595 -33.37634500000001, -70.52135 -33.37450299999999, -70.517704 -33.372692, -70.518762 -33.371143, -70.520479 -33.369756, -70.525022 -33.369114, -70.526807 -33.369799, -70.530455 -33.37022400000001, -70.534918 -33.370367, -70.540298 -33.370634, -70.557188 -33.358801, -70.565151 -33.356769, -70.567488 -33.35552599999999, -70.570581 -33.356937, -70.573585 -33.355411, -70.575481 -33.353258, -70.578015 -33.352086, -70.579375 -33.35197, -70.580619 -33.35088, -70.584128 -33.350672, -70.584525 -33.35062500000001))",VITACURA,Raúl Torrealba del Pedregal (RN)
